Outbound Delivery (Unique Key)*,FREIGHT INVOICE 1,FREIGHT INVOICE 2,FREIGHT INVOICE 3,Sales Order,Payment terms,CLEARANCE DATE,Payment terms days,Incoterm,Volume,Invoice,COMMENT ,Estimated Mise à FOB,Mise à FOB réelle,Mois,Payment status
0,"
116 898,35",2280.23,,1743,D/A,2022-06-23,45,EXW,1200,19423,,37,36,2022-10-04,Not Paid
1,,,,1634,Cable bank transfer,2022-05-22,45,CFR,550,18732,,0,40,2022-10-04,Paid
2,,,,1772,L/C,,90,CFR,550,19832,,35,38,2022-10-05,Paid
3,137986.14,2280.23,,1435,Cable bank transfer,2022-09-23,0,CFR,550,18732,,40,40,2022-07-03,Paid
4,137986.14,,,1772,CAD,2022-09-23,15,CFR,440,19423,,0,33,2022-04-02,Paid
5,137986.14,,,1843,D/A,,60,CFR,550,18452,,0,0,2022-10-04,Paid
6,119178.58,,,1634,L/C,2022-09-23,15,CFR,100,18668,,40,40,2022-04-02,Paid
7,137986.14,,,1772,CAD,2022-06-23,45,CIF,550,18732,,35,40,2022-10-05,Paid
8,"
116 898,35",,,1743,D/A,2022-09-23,15,EXW,4400,18732,,37,0,2022-07-03,Paid
9,137986.14,,,1634,Cable bank transfer,2022-09-23,90,CFR,1200,19423,,37,0,2022-07-03,Paid
10,137986.14,,,1772,L/C,,90,CFR,4400,18452,,40,0,2022-07-03,Not Paid
11,119178.58,,,1435,D/A,2022-12-25,90,EXW,1200,19832,,40,33,2022-04-02,Paid
12,"
116 898,35",,,1634,D/A,2022-05-22,45,CFR,4400,19423,,35,40,2022-03-01,Paid
13,,,,1435,L/C,2022-12-25,45,CFR,4400,18452,,37,38,2022-07-03,Paid
14,137986.14,,,1843,Cable bank transfer,,90,CFR,4400,18732,,35,33,2022-07-03,Paid
15,119178.58,,,1743,Cable bank transfer,2022-05-22,60,CFR,550,18452,,40,38,2022-04-02,Paid
16,137986.14,,,1743,Cable bank transfer,2022-09-23,60,CFR,100,19423,,40,40,2022-10-05,Not Paid
17,137986.14,,,1743,L/C,2022-06-23,45,CIF,1200,19423,,37,0,2022-04-02,Paid
18,137986.14,,,1772,CAD,2022-05-22,15,CFR,4400,19832,,37,38,2022-03-01,Paid
19,137986.14,,,1634,Cable bank transfer,2022-12-25,0,CIF,100,18452,,37,38,2022-10-04,Not Paid
20,137986.14,,,1435,CAD,2022-05-22,0,CIF,1200,18452,,40,0,2022-07-03,Not Paid
21,119178.58,,,1435,L/C,,90,CFR,550,18668,,0,33,2022-10-04,Paid
22,119178.58,2280.23,,1435,L/C,2022-12-25,60,CFR,1200,19832,,35,33,2022-04-02,Paid
23,"
116 898,35",,,1743,D/A,2022-06-23,0,CIF,100,19423,,0,38,2022-10-05,Not Paid
24,,,,1634,CAD,2022-12-25,60,CFR,1200,19832,,37,38,2022-03-01,Paid
25,137986.14,,,1772,Cable bank transfer,2022-06-23,60,EXW,550,19832,,40,0,2022-04-02,Paid
26,"
116 898,35",2280.23,,1743,L/C,2022-09-23,90,CFR,100,19832,,37,0,2022-10-05,Paid
27,137986.14,,,1634,Cable bank transfer,2022-06-23,60,CFR,550,18732,,40,0,2022-07-03,Not Paid
28,137986.14,,,1634,L/C,,60,EXW,440,18732,,40,38,2022-10-04,Not Paid
29,,,,1743,Cable bank transfer,,0,CFR,100,18668,,0,0,2022-07-03,Paid
30,119178.58,,,1634,D/A,2022-05-22,0,CFR,4400,18732,,37,0,2022-10-04,Paid
31,137986.14,,,1843,CAD,2022-06-23,90,CFR,550,18668,,0,0,2022-04-02,Paid
32,"
116 898,35",,,1743,Cable bank transfer,2022-05-22,0,CFR,4400,19423,,37,40,2022-10-04,Paid
33,137986.14,,,1843,Cable bank transfer,2022-06-23,15,CFR,4400,18732,,0,36,2022-10-05,Paid
34,,,,1743,L/C,2022-05-22,0,CFR,550,18732,,40,33,2022-04-02,Paid
35,"
116 898,35",,,1435,L/C,2022-06-23,0,CFR,100,18668,,40,0,2022-03-01,Paid
36,"
116 898,35",,,1634,D/A,2022-05-22,0,CIF,4400,18732,,40,33,2022-10-05,Paid
37,137986.14,,,1743,CAD,2022-06-23,90,CIF,550,18452,,35,33,2022-07-03,Not Paid
38,137986.14,,,1743,Cable bank transfer,2022-06-23,0,CIF,1200,19423,,35,33,2022-10-05,Paid
39,137986.14,,,1743,D/A,,90,CFR,4400,18452,,37,38,2022-04-02,Paid
40,137986.14,,,1843,Cable bank transfer,2022-06-23,45,CFR,550,19423,,37,38,2022-10-04,Paid
41,119178.58,,,1634,Cable bank transfer,2022-09-23,45,CIF,550,18452,,40,0,2022-07-03,Not Paid
42,,,,1743,L/C,2022-09-23,15,CFR,4400,18452,,35,0,2022-04-02,Not Paid
43,"
116 898,35",,,1435,Cable bank transfer,2022-09-23,45,EXW,440,19832,,37,38,2022-10-04,Paid
44,,,,1435,CAD,,60,CFR,550,18452,,35,33,2022-04-02,Paid
45,"
116 898,35",,,1843,D/A,,15,CIF,100,18452,,0,0,2022-03-01,Paid
46,"
116 898,35",,,1435,D/A,2022-06-23,60,CIF,440,19832,,37,33,2022-04-02,Paid
47,137986.14,,,1843,D/A,,60,CFR,550,18668,,37,38,2022-04-02,Paid
48,137986.14,,,1743,CAD,2022-12-25,0,CFR,100,18452,,37,0,2022-07-03,Paid
49,137986.14,,,1743,L/C,2022-06-23,0,CIF,550,18732,,0,36,2022-03-01,Paid
50,,,,1743,D/A,,60,EXW,1200,19832,,0,33,2022-10-04,Paid
51,137986.14,,,1435,Cable bank transfer,,15,CIF,4400,19423,,37,40,2022-10-04,Paid
52,,,,1435,D/A,,15,EXW,1200,19423,,40,38,2022-10-04,Paid
53,"
116 898,35",,,1772,L/C,2022-12-25,15,CFR,440,19423,,40,38,2022-03-01,Paid
54,119178.58,2280.23,,1772,Cable bank transfer,,0,EXW,440,19423,,35,36,2022-04-02,Paid
55,"
116 898,35",2280.23,,1743,Cable bank transfer,2022-06-23,45,CFR,440,19423,,37,38,2022-07-03,Paid
56,,,,1772,CAD,2022-06-23,0,CIF,100,19832,,35,40,2022-10-04,Paid
57,"
116 898,35",,,1772,CAD,2022-12-25,60,CFR,4400,18452,,40,33,2022-03-01,Paid
58,"
116 898,35",,,1634,CAD,2022-05-22,45,CFR,440,18732,,37,36,2022-10-05,Paid
59,"
116 898,35",2280.23,,1435,Cable bank transfer,2022-09-23,0,CIF,4400,19423,,37,33,2022-03-01,Paid
60,137986.14,,,1843,L/C,,90,CFR,4400,18668,,40,33,2022-07-03,Paid
61,137986.14,2280.23,,1435,CAD,2022-06-23,0,CIF,550,19423,,0,0,2022-04-02,Not Paid
62,137986.14,,,1435,Cable bank transfer,2022-06-23,60,CFR,440,19423,,37,0,2022-07-03,Paid
63,119178.58,,,1634,Cable bank transfer,2022-06-23,60,EXW,550,18452,,35,33,2022-10-05,Paid
64,119178.58,,,1843,Cable bank transfer,2022-09-23,45,CFR,100,18452,,35,40,2022-10-05,Paid
65,137986.14,,,1634,Cable bank transfer,,60,CFR,550,18668,,37,33,2022-03-01,Paid
66,137986.14,,,1772,Cable bank transfer,2022-05-22,60,CFR,100,19423,,37,0,2022-04-02,Paid
67,137986.14,,,1743,CAD,2022-09-23,45,CFR,550,19423,,40,36,2022-07-03,Paid
68,,,,1435,Cable bank transfer,2022-05-22,45,EXW,4400,19423,,0,33,2022-03-01,Not Paid
69,"
116 898,35",,,1843,Cable bank transfer,2022-05-22,60,EXW,100,18452,,35,40,2022-10-04,Paid
70,137986.14,,,1435,L/C,,45,CIF,550,19423,,35,33,2022-04-02,Not Paid
71,137986.14,,,1435,Cable bank transfer,2022-05-22,45,CFR,4400,19423,,37,33,2022-03-01,Paid
72,137986.14,,,1743,Cable bank transfer,2022-06-23,60,EXW,440,18668,,0,38,2022-03-01,Paid
73,137986.14,,,1435,L/C,,0,EXW,4400,18452,,35,33,2022-03-01,Paid
74,137986.14,,,1843,Cable bank transfer,,60,EXW,550,19423,,37,38,2022-03-01,Not Paid
75,,,,1634,D/A,2022-06-23,60,CFR,440,18732,,37,36,2022-10-05,Paid
76,"
116 898,35",2280.23,,1435,Cable bank transfer,2022-12-25,60,CIF,4400,19423,,35,33,2022-07-03,Paid
77,137986.14,,,1435,Cable bank transfer,2022-09-23,0,CIF,100,19423,,37,0,2022-03-01,Paid
78,,2280.23,,1743,Cable bank transfer,,45,EXW,1200,19832,,40,0,2022-04-02,Not Paid
79,137986.14,2280.23,,1772,L/C,2022-05-22,60,CFR,550,19832,,0,36,2022-07-03,Not Paid
80,137986.14,,,1435,L/C,2022-09-23,90,CIF,1200,18732,,40,33,2022-03-01,Paid
81,,,,1772,Cable bank transfer,2022-06-23,15,EXW,440,18668,,37,0,2022-10-05,Paid
82,119178.58,,,1772,L/C,2022-09-23,90,CFR,4400,19423,,37,40,2022-03-01,Paid
83,,,,1843,L/C,2022-12-25,60,CFR,4400,18452,,37,36,2022-10-04,Paid
84,,,,1435,L/C,2022-12-25,15,CFR,1200,18452,,40,33,2022-03-01,Paid
85,137986.14,,,1772,L/C,,90,CFR,100,18452,,40,40,2022-04-02,Paid
86,119178.58,,,1634,Cable bank transfer,2022-12-25,45,EXW,100,18452,,40,33,2022-07-03,Not Paid
87,137986.14,,,1772,CAD,2022-06-23,90,CFR,4400,19423,,40,40,2022-03-01,Paid
88,137986.14,2280.23,,1772,CAD,,0,EXW,100,18668,,37,33,2022-07-03,Paid
89,119178.58,,,1435,Cable bank transfer,2022-06-23,45,CIF,4400,19832,,35,36,2022-07-03,Paid
90,"
116 898,35",,,1435,CAD,,15,EXW,550,18668,,37,0,2022-07-03,Not Paid
91,,,,1843,Cable bank transfer,2022-06-23,90,CIF,550,19423,,35,0,2022-10-05,Paid
92,,,,1843,CAD,2022-12-25,60,CIF,100,18452,,37,40,2022-03-01,Not Paid
93,"
116 898,35",,,1435,Cable bank transfer,2022-12-25,60,CFR,440,18452,,40,0,2022-04-02,Paid
94,137986.14,,,1634,CAD,2022-12-25,90,CFR,1200,18668,,35,36,2022-10-04,Paid
95,119178.58,2280.23,,1843,D/A,2022-12-25,60,CFR,550,18732,,37,38,2022-03-01,Paid
96,119178.58,,,1743,L/C,,0,CFR,550,18732,,37,33,2022-04-02,Paid
97,"
116 898,35",,,1743,D/A,2022-12-25,45,CIF,1200,18668,,37,33,2022-10-05,Paid
98,,2280.23,,1743,CAD,,90,CFR,440,19832,,37,0,2022-04-02,Paid
99,137986.14,,,1435,Cable bank transfer,2022-09-23,45,CFR,440,18668,,35,36,2022-03-01,Paid
100,137986.14,,,1843,L/C,2022-06-23,0,CIF,100,18452,,0,33,2022-10-04,Paid
101,"
116 898,35",,,1634,Cable bank transfer,2022-09-23,15,EXW,4400,18452,,40,36,2022-10-04,Not Paid
102,,,,1843,CAD,2022-09-23,90,CFR,4400,18668,,35,40,2022-10-04,Paid
103,137986.14,2280.23,,1772,Cable bank transfer,2022-09-23,60,CFR,100,19832,,37,33,2022-07-03,Not Paid
104,137986.14,,,1435,L/C,2022-06-23,0,CFR,550,18668,,37,33,2022-07-03,Paid
105,"
116 898,35",2280.23,,1843,D/A,2022-06-23,0,EXW,1200,18732,,35,36,2022-10-05,Paid
106,"
116 898,35",,,1634,Cable bank transfer,,0,EXW,550,19423,,37,0,2022-10-05,Paid
107,137986.14,2280.23,,1435,D/A,2022-06-23,15,CFR,440,19423,,0,36,2022-07-03,Paid
108,"
116 898,35",,,1435,L/C,2022-09-23,90,CIF,550,18668,,0,33,2022-07-03,Paid
109,"
116 898,35",,,1843,Cable bank transfer,2022-09-23,90,CIF,1200,18452,,40,36,2022-10-05,Paid
110,"
116 898,35",,,1743,CAD,2022-06-23,45,CIF,550,18668,,37,38,2022-04-02,Paid
111,"
116 898,35",,,1843,L/C,2022-05-22,60,CFR,550,18452,,37,38,2022-03-01,Paid
112,137986.14,2280.23,,1843,L/C,2022-06-23,90,CIF,100,18452,,37,38,2022-10-04,Paid
113,137986.14,,,1634,Cable bank transfer,2022-05-22,90,CFR,550,19423,,37,38,2022-10-04,Paid
114,137986.14,,,1743,D/A,2022-12-25,15,CIF,550,19423,,35,0,2022-10-04,Paid
115,119178.58,,,1743,Cable bank transfer,2022-06-23,15,CIF,1200,18452,,0,33,2022-07-03,Paid
116,"
116 898,35",,,1435,Cable bank transfer,2022-09-23,15,CIF,100,18452,,37,33,2022-10-04,Paid
117,119178.58,,,1435,D/A,2022-12-25,45,CFR,100,18732,,37,36,2022-10-04,Paid
118,137986.14,,,1843,D/A,2022-05-22,0,CFR,4400,19423,,37,36,2022-10-05,Paid
119,,,,1435,CAD,2022-09-23,15,CFR,440,18668,,37,33,2022-10-04,Paid
120,"
116 898,35",2280.23,,1634,D/A,2022-12-25,90,CFR,550,18452,,0,0,2022-04-02,Paid
121,137986.14,,,1772,Cable bank transfer,,15,CIF,100,18452,,37,36,2022-04-02,Paid
122,137986.14,,,1634,Cable bank transfer,2022-09-23,0,CFR,100,19832,,35,33,2022-07-03,Not Paid
123,137986.14,,,1634,CAD,2022-12-25,15,CFR,100,18732,,35,33,2022-10-04,Not Paid
124,119178.58,2280.23,,1743,Cable bank transfer,2022-12-25,15,CFR,440,19832,,0,38,2022-04-02,Paid
125,"
116 898,35",,,1843,Cable bank transfer,2022-06-23,0,CFR,4400,18668,,35,36,2022-04-02,Paid
126,137986.14,,,1435,L/C,2022-05-22,90,CIF,1200,19423,,37,40,2022-10-04,Not Paid
127,137986.14,,,1743,D/A,2022-06-23,60,CIF,550,19832,,37,36,2022-10-04,Paid
128,137986.14,,,1843,Cable bank transfer,2022-05-22,90,CFR,550,19423,,35,0,2022-04-02,Not Paid
129,119178.58,,,1435,Cable bank transfer,2022-06-23,0,CFR,1200,19423,,35,38,2022-04-02,Paid
130,137986.14,,,1435,D/A,2022-05-22,45,CFR,1200,19423,,37,40,2022-10-05,Paid
131,,2280.23,,1435,CAD,2022-09-23,45,CFR,550,18452,,40,36,2022-10-04,Paid
132,"
116 898,35",,,1843,CAD,,60,EXW,4400,19423,,40,36,2022-10-05,Paid
133,,2280.23,,1772,L/C,2022-12-25,60,CFR,440,18668,,37,36,2022-03-01,Not Paid
134,"
116 898,35",,,1435,CAD,2022-05-22,45,CFR,1200,18732,,35,36,2022-04-02,Not Paid
135,119178.58,,,1743,CAD,2022-09-23,15,CIF,1200,19832,,40,33,2022-04-02,Paid
136,137986.14,2280.23,,1634,Cable bank transfer,,90,CFR,4400,19423,,0,0,2022-07-03,Paid
137,,,,1843,CAD,2022-12-25,45,CIF,550,18732,,40,0,2022-03-01,Not Paid
138,,,,1843,Cable bank transfer,2022-05-22,15,EXW,440,18668,,37,33,2022-04-02,Paid
139,137986.14,2280.23,,1843,CAD,2022-12-25,45,EXW,100,18732,,40,0,2022-10-05,Paid
140,137986.14,,,1435,CAD,2022-05-22,90,CFR,100,19832,,37,33,2022-07-03,Not Paid
141,119178.58,,,1634,L/C,,90,CIF,1200,18452,,37,0,2022-04-02,Not Paid
142,119178.58,,,1435,L/C,,0,CFR,100,18668,,37,36,2022-10-05,Not Paid
143,,,,1435,L/C,2022-05-22,15,CFR,100,18452,,40,0,2022-04-02,Paid
144,137986.14,,,1634,Cable bank transfer,,15,EXW,550,18668,,0,38,2022-10-05,Paid
145,137986.14,,,1634,CAD,,15,CIF,100,19832,,37,36,2022-10-04,Paid
146,137986.14,,,1772,L/C,2022-06-23,15,CFR,440,19423,,37,36,2022-10-05,Paid
147,119178.58,2280.23,,1634,D/A,2022-09-23,90,CFR,4400,18452,,37,36,2022-03-01,Not Paid
148,,,,1743,D/A,2022-12-25,90,CIF,440,18668,,37,36,2022-07-03,Paid
149,"
116 898,35",,,1772,D/A,,0,CFR,1200,19832,,35,0,2022-03-01,Paid
150,"
116 898,35",,,1634,Cable bank transfer,,0,CFR,550,18732,,35,36,2022-03-01,Paid
151,,,,1435,Cable bank transfer,2022-05-22,15,EXW,440,18668,,37,33,2022-10-04,Paid
152,137986.14,,,1843,D/A,2022-12-25,90,CFR,1200,18732,,0,33,2022-10-05,Paid
153,"
116 898,35",2280.23,,1843,D/A,,90,CIF,440,19423,,37,40,2022-04-02,Paid
154,,,,1743,L/C,,0,CIF,1200,19832,,35,0,2022-07-03,Paid
155,119178.58,,,1743,CAD,,60,CFR,1200,18732,,0,36,2022-10-05,Not Paid
156,119178.58,,,1772,D/A,2022-05-22,0,CFR,1200,19423,,37,33,2022-04-02,Paid
157,119178.58,,,1843,Cable bank transfer,2022-05-22,15,CFR,1200,18668,,37,33,2022-10-04,Paid
158,"
116 898,35",,,1743,Cable bank transfer,,15,CFR,550,18668,,40,36,2022-10-05,Paid
159,137986.14,2280.23,,1843,Cable bank transfer,2022-12-25,90,CFR,4400,19423,,40,33,2022-07-03,Not Paid
160,"
116 898,35",,,1772,Cable bank transfer,2022-09-23,45,CFR,100,18668,,37,40,2022-07-03,Paid
161,137986.14,,,1843,D/A,,45,CIF,100,19423,,35,33,2022-03-01,Not Paid
162,119178.58,,,1634,L/C,2022-12-25,15,CFR,1200,19832,,35,40,2022-10-04,Paid
163,137986.14,,,1772,L/C,2022-05-22,15,CFR,550,18668,,37,33,2022-10-05,Paid
164,"
116 898,35",2280.23,,1435,CAD,2022-06-23,15,CFR,440,18452,,35,40,2022-07-03,Paid
165,,,,1435,L/C,,90,CFR,4400,18452,,37,33,2022-04-02,Paid
166,,,,1772,L/C,,45,CFR,440,18668,,37,33,2022-04-02,Paid
167,119178.58,,,1435,Cable bank transfer,2022-09-23,15,CFR,4400,19832,,35,40,2022-07-03,Paid
168,119178.58,2280.23,,1634,Cable bank transfer,2022-09-23,60,CFR,550,19832,,40,40,2022-03-01,Paid
169,119178.58,,,1772,Cable bank transfer,2022-05-22,45,CFR,1200,18452,,40,40,2022-10-04,Paid
170,137986.14,,,1634,CAD,2022-09-23,60,CFR,550,18452,,37,33,2022-04-02,Paid
171,,,,1634,Cable bank transfer,2022-06-23,45,CFR,440,18668,,0,33,2022-04-02,Not Paid
172,,2280.23,,1435,L/C,2022-06-23,90,EXW,1200,18668,,35,36,2022-03-01,Not Paid
173,"
116 898,35",,,1772,L/C,2022-09-23,15,CIF,4400,18668,,0,33,2022-03-01,Paid
174,"
116 898,35",,,1772,D/A,2022-05-22,45,EXW,440,19423,,35,38,2022-04-02,Paid
175,119178.58,2280.23,,1843,Cable bank transfer,2022-05-22,60,CFR,440,19423,,35,36,2022-10-04,Not Paid
176,"
116 898,35",2280.23,,1634,D/A,2022-06-23,0,CFR,1200,19832,,37,36,2022-10-04,Paid
177,,,,1435,D/A,,15,CFR,100,18452,,40,33,2022-04-02,Paid
178,"
116 898,35",,,1772,Cable bank transfer,2022-09-23,0,CIF,4400,18452,,37,40,2022-10-04,Paid
179,137986.14,,,1743,Cable bank transfer,2022-09-23,15,CFR,4400,18732,,37,38,2022-10-05,Paid
180,137986.14,,,1843,CAD,2022-06-23,0,CFR,1200,19832,,37,0,2022-03-01,Not Paid
181,119178.58,2280.23,,1843,L/C,2022-06-23,90,CFR,4400,19423,,37,0,2022-04-02,Paid
182,119178.58,2280.23,,1743,Cable bank transfer,,60,CIF,4400,18452,,37,38,2022-10-04,Not Paid
183,,,,1435,CAD,2022-12-25,15,CFR,4400,19832,,40,36,2022-03-01,Paid
184,119178.58,,,1743,Cable bank transfer,2022-09-23,60,EXW,4400,18732,,40,0,2022-10-05,Paid
185,119178.58,,,1634,Cable bank transfer,,15,EXW,1200,18732,,37,40,2022-10-04,Paid
186,137986.14,,,1435,CAD,2022-12-25,15,CFR,4400,18668,,0,36,2022-04-02,Not Paid
187,137986.14,,,1743,Cable bank transfer,2022-09-23,60,CFR,440,19832,,37,38,2022-07-03,Paid
188,137986.14,,,1634,L/C,2022-06-23,60,CIF,440,18732,,37,40,2022-03-01,Paid
189,119178.58,,,1435,CAD,2022-05-22,0,CFR,100,18452,,35,38,2022-10-04,Paid
190,119178.58,,,1843,D/A,2022-12-25,45,CFR,4400,19832,,0,38,2022-07-03,Paid
191,137986.14,,,1843,Cable bank transfer,2022-12-25,60,CFR,100,19423,,37,38,2022-07-03,Paid
192,,2280.23,,1843,CAD,2022-12-25,15,EXW,440,19832,,0,33,2022-04-02,Not Paid
193,137986.14,,,1743,L/C,2022-09-23,90,CFR,1200,18452,,40,0,2022-10-04,Paid
194,119178.58,,,1435,L/C,2022-12-25,60,CFR,4400,19832,,40,40,2022-07-03,Paid
195,137986.14,,,1435,Cable bank transfer,2022-12-25,15,CFR,4400,19423,,37,33,2022-10-04,Paid
196,,,,1743,Cable bank transfer,2022-05-22,90,CFR,550,18452,,37,0,2022-10-05,Paid
197,137986.14,,,1743,Cable bank transfer,,0,CFR,4400,18668,,0,0,2022-04-02,Not Paid
198,137986.14,,,1843,Cable bank transfer,2022-06-23,60,CFR,100,18668,,37,33,2022-10-05,Paid
199,137986.14,2280.23,,1435,CAD,2022-05-22,60,CFR,440,19832,,40,38,2022-03-01,Paid
200,137986.14,,,1843,CAD,2022-09-23,0,CFR,1200,18668,,37,33,2022-10-04,Paid
201,137986.14,,,1634,D/A,2022-05-22,15,CFR,100,18452,,35,38,2022-10-04,Paid
202,,,,1634,CAD,,45,EXW,100,18732,,37,0,2022-10-04,Paid
203,137986.14,,,1743,CAD,2022-12-25,90,CFR,100,19423,,37,33,2022-10-04,Paid
204,"
116 898,35",2280.23,,1435,CAD,2022-09-23,45,CIF,4400,19423,,40,40,2022-03-01,Not Paid
205,,,,1843,Cable bank transfer,2022-09-23,15,CFR,550,18668,,0,38,2022-10-05,Paid
206,137986.14,,,1772,Cable bank transfer,2022-12-25,15,EXW,440,19423,,37,36,2022-10-04,Paid
207,,2280.23,,1634,Cable bank transfer,,45,CFR,440,19423,,37,40,2022-07-03,Not Paid
208,"
116 898,35",,,1772,D/A,2022-09-23,60,CIF,550,19423,,0,40,2022-03-01,Paid
209,,2280.23,,1772,Cable bank transfer,2022-06-23,15,CFR,440,18452,,37,0,2022-07-03,Paid
210,,,,1743,L/C,2022-12-25,90,CFR,550,19832,,37,33,2022-07-03,Paid
211,,,,1843,L/C,2022-06-23,0,CIF,440,19423,,40,36,2022-10-04,Not Paid
212,,2280.23,,1743,Cable bank transfer,2022-05-22,90,CFR,4400,18452,,0,40,2022-04-02,Paid
213,137986.14,,,1743,L/C,2022-09-23,90,CFR,550,19832,,0,33,2022-10-05,Paid
214,,,,1743,Cable bank transfer,2022-09-23,15,CFR,440,18732,,0,38,2022-10-04,Not Paid
215,137986.14,,,1634,Cable bank transfer,2022-05-22,90,CFR,1200,19832,,35,36,2022-03-01,Paid
216,"
116 898,35",2280.23,,1843,CAD,2022-09-23,90,EXW,1200,18668,,35,38,2022-10-05,Paid
217,119178.58,,,1772,Cable bank transfer,2022-09-23,60,CIF,1200,19832,,37,33,2022-03-01,Paid
218,"
116 898,35",,,1843,L/C,,45,CFR,440,18452,,37,38,2022-03-01,Not Paid
219,137986.14,2280.23,,1772,Cable bank transfer,2022-12-25,60,EXW,4400,19423,,37,38,2022-07-03,Not Paid
220,137986.14,,,1435,Cable bank transfer,2022-05-22,15,CFR,440,18452,,35,38,2022-10-05,Not Paid
221,137986.14,,,1634,Cable bank transfer,2022-06-23,90,CFR,100,19423,,37,0,2022-10-05,Paid
222,137986.14,,,1843,D/A,,15,CIF,4400,19423,,37,38,2022-04-02,Paid
223,119178.58,,,1634,L/C,2022-09-23,45,CFR,440,19423,,0,40,2022-04-02,Paid
224,137986.14,,,1843,L/C,2022-06-23,0,EXW,4400,18732,,35,38,2022-07-03,Paid
225,,,,1743,Cable bank transfer,2022-05-22,90,CFR,550,19423,,40,36,2022-10-04,Not Paid
226,119178.58,2280.23,,1634,D/A,2022-12-25,60,EXW,4400,18452,,0,0,2022-07-03,Paid
227,119178.58,,,1743,Cable bank transfer,2022-05-22,0,CFR,100,19832,,35,0,2022-07-03,Not Paid
228,119178.58,,,1772,Cable bank transfer,2022-06-23,15,CFR,4400,19423,,37,40,2022-03-01,Not Paid
229,119178.58,2280.23,,1634,Cable bank transfer,2022-06-23,45,CIF,550,18668,,37,38,2022-10-05,Paid
230,137986.14,2280.23,,1634,Cable bank transfer,2022-05-22,0,EXW,100,18452,,35,40,2022-10-04,Not Paid
231,137986.14,,,1772,CAD,2022-09-23,0,CFR,440,19423,,40,36,2022-04-02,Paid
232,137986.14,2280.23,,1743,CAD,,0,CFR,1200,19832,,40,38,2022-07-03,Paid
233,"
116 898,35",,,1634,CAD,2022-09-23,0,EXW,100,19832,,37,0,2022-10-04,Paid
234,119178.58,,,1435,D/A,2022-09-23,15,CIF,1200,18732,,35,0,2022-10-05,Paid
235,137986.14,,,1772,Cable bank transfer,2022-05-22,45,CFR,4400,18452,,37,40,2022-10-05,Paid
236,"
116 898,35",2280.23,,1435,Cable bank transfer,2022-06-23,45,CFR,1200,18668,,35,0,2022-10-05,Paid
237,137986.14,,,1743,D/A,2022-06-23,0,CFR,4400,19832,,35,0,2022-03-01,Not Paid
238,137986.14,,,1772,Cable bank transfer,,60,EXW,440,18668,,37,40,2022-07-03,Not Paid
239,119178.58,,,1634,L/C,2022-09-23,0,EXW,1200,18732,,0,40,2022-03-01,Paid
240,119178.58,,,1772,L/C,2022-12-25,0,CIF,1200,18732,,35,38,2022-10-05,Paid
241,119178.58,2280.23,,1435,L/C,2022-09-23,90,CFR,1200,18732,,40,38,2022-07-03,Paid
242,119178.58,,,1843,Cable bank transfer,2022-12-25,60,CFR,550,18732,,0,40,2022-04-02,Paid
243,137986.14,,,1743,CAD,2022-05-22,60,CFR,550,18732,,0,40,2022-04-02,Paid
244,,,,1634,Cable bank transfer,2022-12-25,15,CFR,550,19423,,37,38,2022-04-02,Not Paid
245,,,,1634,Cable bank transfer,2022-12-25,60,EXW,550,19423,,0,33,2022-04-02,Paid
246,137986.14,2280.23,,1843,D/A,2022-09-23,60,CIF,1200,19423,,40,36,2022-10-05,Paid
247,137986.14,,,1634,D/A,,15,EXW,4400,18452,,40,38,2022-10-04,Not Paid
248,,,,1634,CAD,2022-06-23,15,CFR,100,18732,,40,40,2022-04-02,Paid
249,119178.58,,,1843,Cable bank transfer,2022-09-23,15,EXW,550,19832,,37,33,2022-07-03,Paid
250,,,,1743,Cable bank transfer,2022-12-25,90,CFR,550,19832,,37,40,2022-04-02,Paid
251,"
116 898,35",,,1634,D/A,2022-12-25,15,CFR,4400,19832,,35,0,2022-04-02,Paid
252,"
116 898,35",2280.23,,1772,Cable bank transfer,2022-06-23,45,CIF,550,19423,,0,36,2022-10-05,Paid
253,119178.58,,,1634,Cable bank transfer,2022-12-25,45,EXW,440,18732,,40,38,2022-10-05,Not Paid
254,119178.58,2280.23,,1843,D/A,2022-12-25,90,CIF,4400,18732,,37,0,2022-07-03,Paid
255,"
116 898,35",2280.23,,1435,Cable bank transfer,,90,CFR,1200,18668,,35,33,2022-04-02,Paid
256,119178.58,,,1743,L/C,2022-12-25,0,CFR,100,18452,,37,0,2022-10-05,Paid
257,137986.14,,,1743,CAD,,60,EXW,1200,18668,,35,0,2022-04-02,Paid
258,137986.14,2280.23,,1772,D/A,,90,CFR,100,18732,,40,36,2022-03-01,Paid
259,119178.58,,,1843,D/A,,90,EXW,440,19832,,35,33,2022-03-01,Paid
260,137986.14,,,1634,CAD,2022-06-23,90,CIF,4400,19423,,35,0,2022-10-05,Not Paid
261,137986.14,,,1435,Cable bank transfer,,90,CFR,440,18452,,37,0,2022-07-03,Paid
262,,2280.23,,1843,D/A,2022-12-25,15,CFR,100,18452,,37,38,2022-10-05,Paid
263,137986.14,2280.23,,1843,L/C,2022-12-25,60,CIF,4400,18452,,37,40,2022-07-03,Not Paid
264,,2280.23,,1634,Cable bank transfer,2022-09-23,45,CFR,4400,19423,,35,0,2022-10-05,Paid
265,,,,1634,D/A,2022-09-23,45,CFR,4400,19832,,37,36,2022-03-01,Not Paid
266,119178.58,,,1634,L/C,2022-09-23,90,EXW,440,19832,,40,36,2022-10-04,Paid
267,119178.58,,,1435,Cable bank transfer,2022-05-22,45,CFR,4400,18732,,37,38,2022-04-02,Paid
268,,2280.23,,1772,Cable bank transfer,2022-06-23,90,CIF,4400,18452,,0,0,2022-04-02,Paid
269,137986.14,,,1634,Cable bank transfer,,90,CFR,100,18732,,0,0,2022-03-01,Paid
270,"
116 898,35",,,1435,D/A,2022-09-23,15,CFR,4400,19423,,37,33,2022-04-02,Paid
271,137986.14,,,1772,Cable bank transfer,2022-09-23,0,CIF,1200,18732,,37,36,2022-03-01,Paid
272,137986.14,2280.23,,1634,Cable bank transfer,2022-12-25,15,EXW,440,18452,,37,0,2022-07-03,Paid
273,,2280.23,,1634,CAD,,0,CIF,440,18732,,37,38,2022-10-05,Paid
274,137986.14,,,1634,Cable bank transfer,2022-09-23,60,CFR,550,18668,,37,38,2022-10-04,Paid
275,137986.14,,,1772,Cable bank transfer,2022-12-25,90,CIF,440,18668,,0,36,2022-04-02,Not Paid
276,137986.14,,,1743,Cable bank transfer,2022-06-23,15,CIF,1200,18732,,37,33,2022-04-02,Paid
277,"
116 898,35",2280.23,,1843,CAD,2022-06-23,45,CFR,4400,18732,,37,40,2022-04-02,Paid
278,119178.58,,,1435,CAD,2022-09-23,15,CFR,100,19423,,35,33,2022-10-05,Paid
279,119178.58,,,1843,L/C,,15,CFR,550,19423,,37,0,2022-07-03,Paid
280,137986.14,,,1634,CAD,2022-05-22,90,CFR,440,19423,,37,38,2022-10-04,Not Paid
281,137986.14,,,1634,D/A,,15,CFR,4400,19832,,37,40,2022-04-02,Paid
282,137986.14,,,1772,CAD,2022-05-22,45,CIF,1200,18668,,37,33,2022-10-05,Paid
283,,,,1843,Cable bank transfer,2022-12-25,90,CFR,550,18452,,37,33,2022-04-02,Paid
284,"
116 898,35",,,1634,CAD,2022-09-23,15,CFR,4400,19423,,37,33,2022-10-04,Paid
285,137986.14,,,1743,Cable bank transfer,2022-12-25,60,CFR,100,18452,,35,0,2022-04-02,Not Paid
286,"
116 898,35",,,1772,CAD,,15,CFR,440,19423,,35,36,2022-10-05,Not Paid
287,"
116 898,35",2280.23,,1843,Cable bank transfer,,15,CFR,440,18452,,35,0,2022-03-01,Not Paid
288,"
116 898,35",,,1634,CAD,2022-06-23,45,EXW,100,19832,,40,0,2022-03-01,Not Paid
289,119178.58,,,1634,Cable bank transfer,2022-05-22,0,CFR,550,19832,,35,38,2022-10-04,Paid
290,137986.14,,,1743,L/C,2022-09-23,90,CFR,100,18732,,35,36,2022-03-01,Paid
291,137986.14,,,1843,D/A,,15,CIF,550,18732,,37,0,2022-07-03,Paid
292,137986.14,,,1843,D/A,2022-06-23,90,EXW,100,19832,,37,33,2022-07-03,Not Paid
293,137986.14,2280.23,,1435,CAD,,45,CFR,1200,19423,,0,38,2022-03-01,Paid
294,,2280.23,,1772,Cable bank transfer,2022-05-22,60,CIF,100,18732,,35,40,2022-07-03,Paid
295,137986.14,,,1772,Cable bank transfer,2022-06-23,90,CFR,550,18668,,40,0,2022-10-04,Paid
296,"
116 898,35",,,1743,Cable bank transfer,2022-09-23,45,CFR,440,19423,,40,33,2022-04-02,Not Paid
297,137986.14,2280.23,,1634,Cable bank transfer,2022-12-25,90,CFR,100,19832,,37,0,2022-03-01,Paid
298,"
116 898,35",,,1843,Cable bank transfer,2022-12-25,45,CFR,4400,18732,,37,38,2022-04-02,Paid
299,119178.58,2280.23,,1743,CAD,2022-09-23,45,EXW,550,18452,,0,0,2022-04-02,Paid
300,"
116 898,35",,,1743,D/A,2022-09-23,15,CFR,100,18668,,0,36,2022-10-04,Paid
301,137986.14,,,1772,D/A,2022-05-22,0,CIF,440,19423,,0,38,2022-10-05,Paid
302,,,,1743,CAD,2022-12-25,90,CFR,1200,18732,,0,38,2022-04-02,Paid
303,"
116 898,35",2280.23,,1772,L/C,,0,CFR,100,19832,,0,38,2022-07-03,Paid
304,"
116 898,35",,,1843,Cable bank transfer,,60,CFR,550,19832,,35,40,2022-10-05,Paid
305,137986.14,,,1634,D/A,2022-12-25,90,CIF,100,18732,,37,40,2022-10-05,Paid
306,,,,1634,Cable bank transfer,2022-06-23,90,CFR,4400,18452,,0,40,2022-07-03,Paid
307,137986.14,,,1843,L/C,2022-09-23,0,CFR,440,18452,,37,36,2022-04-02,Paid
308,119178.58,,,1743,Cable bank transfer,,45,CIF,4400,18732,,0,40,2022-04-02,Paid
309,137986.14,,,1772,CAD,2022-12-25,45,EXW,100,18668,,37,40,2022-07-03,Paid
310,137986.14,2280.23,,1435,Cable bank transfer,2022-09-23,45,CFR,100,18732,,0,36,2022-10-04,Paid
311,137986.14,,,1743,D/A,2022-09-23,60,CFR,550,18452,,40,0,2022-10-04,Paid
312,"
116 898,35",,,1843,L/C,2022-12-25,15,CFR,440,18452,,40,0,2022-10-05,Paid
313,119178.58,,,1772,Cable bank transfer,,45,CFR,440,18668,,40,33,2022-04-02,Not Paid
314,"
116 898,35",,,1634,Cable bank transfer,2022-05-22,90,EXW,4400,19832,,0,38,2022-10-04,Paid
315,,2280.23,,1843,L/C,2022-06-23,0,EXW,4400,18668,,40,0,2022-03-01,Paid
316,137986.14,,,1843,D/A,,0,EXW,550,18732,,37,38,2022-04-02,Paid
317,,,,1435,Cable bank transfer,2022-06-23,60,CFR,100,19832,,40,40,2022-03-01,Paid
318,137986.14,,,1843,Cable bank transfer,2022-09-23,45,CFR,1200,19423,,37,36,2022-07-03,Paid
319,"
116 898,35",,,1435,L/C,,0,CFR,1200,18452,,35,33,2022-03-01,Paid
320,137986.14,,,1843,Cable bank transfer,,15,CFR,440,18452,,35,0,2022-03-01,Paid
321,119178.58,,,1843,Cable bank transfer,2022-09-23,60,EXW,440,19832,,35,33,2022-10-04,Paid
322,,,,1743,L/C,2022-05-22,60,CFR,440,18452,,35,33,2022-04-02,Paid
323,137986.14,,,1843,Cable bank transfer,,15,CFR,100,18452,,0,0,2022-10-04,Paid
324,119178.58,2280.23,,1743,Cable bank transfer,2022-06-23,60,EXW,1200,19423,,37,40,2022-10-05,Paid
325,119178.58,2280.23,,1743,Cable bank transfer,2022-06-23,45,CIF,440,18668,,0,40,2022-10-05,Paid
326,137986.14,,,1634,CAD,2022-05-22,45,CIF,100,19832,,37,40,2022-03-01,Not Paid
327,137986.14,2280.23,,1743,Cable bank transfer,,0,CIF,1200,18452,,37,38,2022-07-03,Paid
328,119178.58,,,1435,Cable bank transfer,2022-05-22,90,CFR,100,18668,,35,0,2022-10-04,Paid
329,,,,1772,D/A,2022-05-22,0,CIF,100,18668,,37,36,2022-10-05,Paid
330,119178.58,,,1743,Cable bank transfer,2022-06-23,90,CFR,550,18732,,37,33,2022-07-03,Not Paid
331,"
116 898,35",,,1843,D/A,2022-05-22,45,CFR,1200,19832,,37,40,2022-04-02,Paid
332,119178.58,,,1772,D/A,2022-12-25,90,EXW,100,18452,,35,0,2022-10-04,Paid
333,137986.14,,,1435,L/C,2022-12-25,90,CFR,1200,19832,,37,33,2022-07-03,Paid
334,,,,1435,CAD,2022-05-22,0,CFR,550,18732,,40,38,2022-04-02,Not Paid
335,137986.14,,,1772,L/C,,45,EXW,1200,19832,,40,40,2022-07-03,Paid
336,137986.14,,,1743,CAD,2022-12-25,0,CFR,4400,18452,,35,36,2022-10-05,Paid
337,137986.14,,,1743,D/A,,0,EXW,1200,19423,,35,33,2022-10-05,Paid
338,137986.14,,,1772,Cable bank transfer,2022-06-23,0,CFR,100,19423,,37,33,2022-07-03,Not Paid
339,137986.14,,,1435,D/A,2022-05-22,15,CFR,100,19423,,37,40,2022-07-03,Paid
340,,,,1772,D/A,2022-12-25,45,CFR,550,19832,,37,33,2022-10-04,Paid
341,137986.14,,,1743,Cable bank transfer,2022-06-23,45,CFR,550,18668,,37,36,2022-10-04,Paid
342,137986.14,,,1435,D/A,2022-06-23,45,CFR,1200,19423,,0,38,2022-10-05,Paid
343,137986.14,,,1743,L/C,2022-09-23,90,CFR,100,19832,,37,33,2022-03-01,Not Paid
344,,,,1843,D/A,2022-12-25,90,CFR,440,19832,,35,40,2022-10-04,Paid
345,137986.14,,,1743,Cable bank transfer,2022-06-23,60,CFR,550,18452,,35,33,2022-04-02,Paid
346,137986.14,2280.23,,1634,D/A,2022-05-22,45,CFR,550,18668,,35,36,2022-10-05,Paid
347,137986.14,2280.23,,1435,D/A,2022-05-22,15,EXW,4400,18452,,40,33,2022-07-03,Not Paid
348,"
116 898,35",,,1435,D/A,,45,EXW,1200,18668,,35,0,2022-04-02,Not Paid
349,137986.14,,,1743,CAD,2022-12-25,0,CIF,100,18732,,40,0,2022-07-03,Paid
350,119178.58,,,1743,Cable bank transfer,2022-09-23,45,CFR,100,18452,,35,0,2022-04-02,Paid
351,119178.58,2280.23,,1772,D/A,2022-06-23,60,CFR,4400,19423,,0,33,2022-10-05,Paid
352,137986.14,,,1435,Cable bank transfer,2022-09-23,90,CFR,100,19423,,37,36,2022-04-02,Not Paid
353,137986.14,,,1743,L/C,2022-09-23,45,CFR,1200,19832,,37,40,2022-10-05,Paid
354,,2280.23,,1772,Cable bank transfer,,60,EXW,4400,18732,,37,38,2022-10-05,Paid
355,,,,1435,Cable bank transfer,2022-12-25,60,EXW,550,19423,,37,36,2022-10-04,Paid
356,137986.14,,,1743,D/A,,45,CFR,440,18668,,35,0,2022-07-03,Paid
357,137986.14,,,1843,L/C,2022-06-23,60,CFR,100,19832,,40,38,2022-03-01,Paid
358,,,,1634,D/A,2022-12-25,60,CFR,100,18668,,35,38,2022-10-05,Paid
359,119178.58,,,1843,D/A,2022-05-22,60,CFR,100,18452,,40,40,2022-10-05,Paid
360,119178.58,,,1634,L/C,2022-12-25,90,CFR,100,19832,,0,33,2022-10-05,Paid
361,137986.14,,,1634,CAD,2022-05-22,45,CFR,440,18668,,40,36,2022-07-03,Paid
362,"
116 898,35",,,1435,D/A,2022-09-23,15,CIF,4400,18452,,0,38,2022-10-04,Paid
363,137986.14,,,1772,Cable bank transfer,2022-06-23,0,CFR,4400,19832,,0,33,2022-07-03,Paid
364,,2280.23,,1743,Cable bank transfer,2022-12-25,90,CIF,1200,19832,,40,38,2022-03-01,Paid
365,137986.14,2280.23,,1634,L/C,2022-05-22,90,CFR,550,19423,,35,40,2022-10-04,Paid
366,137986.14,,,1435,CAD,2022-06-23,90,CFR,440,19423,,40,0,2022-07-03,Paid
367,"
116 898,35",,,1634,Cable bank transfer,2022-05-22,15,CFR,100,19832,,37,36,2022-10-04,Not Paid
368,119178.58,2280.23,,1743,CAD,2022-09-23,60,CFR,100,18732,,0,36,2022-10-04,Paid
369,119178.58,,,1772,Cable bank transfer,,90,EXW,4400,19832,,37,38,2022-10-04,Paid
370,137986.14,,,1435,CAD,2022-12-25,0,CFR,440,18732,,37,33,2022-10-04,Not Paid
371,,,,1843,D/A,2022-12-25,90,CFR,550,18732,,40,38,2022-10-05,Paid
372,137986.14,,,1743,L/C,2022-12-25,0,CIF,100,18452,,40,0,2022-04-02,Paid
373,137986.14,,,1843,L/C,,0,CIF,100,19832,,0,36,2022-03-01,Paid
374,,,,1435,CAD,2022-06-23,90,CFR,100,18452,,37,36,2022-07-03,Paid
375,,,,1772,D/A,2022-06-23,90,CFR,4400,19423,,35,36,2022-03-01,Paid
376,"
116 898,35",,,1435,D/A,2022-12-25,90,EXW,440,18452,,37,36,2022-07-03,Paid
377,"
116 898,35",,,1634,D/A,2022-05-22,60,CFR,4400,19832,,40,33,2022-10-04,Paid
378,"
116 898,35",2280.23,,1435,Cable bank transfer,2022-12-25,60,CIF,550,19832,,40,38,2022-10-04,Paid
379,"
116 898,35",,,1634,L/C,2022-09-23,90,CFR,1200,19832,,35,0,2022-10-04,Paid
380,119178.58,,,1435,Cable bank transfer,2022-05-22,0,CFR,1200,19832,,35,33,2022-04-02,Paid
381,137986.14,,,1435,Cable bank transfer,2022-06-23,60,CIF,100,18732,,35,36,2022-03-01,Paid
382,119178.58,,,1634,Cable bank transfer,2022-12-25,90,CFR,4400,19423,,35,40,2022-10-04,Paid
383,137986.14,,,1843,L/C,2022-09-23,45,CFR,100,18732,,35,38,2022-07-03,Paid
384,,,,1634,Cable bank transfer,2022-05-22,60,CFR,440,18732,,0,36,2022-04-02,Paid
385,"
116 898,35",,,1843,CAD,2022-12-25,0,EXW,100,18732,,37,0,2022-04-02,Paid
386,137986.14,,,1843,CAD,,45,CIF,4400,18732,,37,36,2022-10-04,Not Paid
387,137986.14,,,1435,L/C,,90,CIF,440,19423,,35,33,2022-04-02,Paid
388,,,,1435,CAD,2022-12-25,60,CIF,1200,18732,,35,33,2022-07-03,Paid
389,,2280.23,,1843,L/C,,15,CFR,440,18452,,37,40,2022-07-03,Paid
390,137986.14,,,1634,Cable bank transfer,2022-09-23,15,CFR,550,18732,,37,0,2022-10-05,Not Paid
391,,,,1743,L/C,2022-09-23,60,CFR,550,19423,,35,40,2022-03-01,Paid
392,119178.58,,,1772,D/A,2022-12-25,15,EXW,440,18668,,0,33,2022-03-01,Paid
393,"
116 898,35",,,1634,Cable bank transfer,2022-12-25,90,CIF,550,19832,,0,40,2022-10-04,Not Paid
394,137986.14,,,1435,Cable bank transfer,2022-09-23,0,CFR,4400,18668,,40,38,2022-10-04,Not Paid
395,119178.58,,,1743,CAD,2022-12-25,0,CFR,100,18668,,40,0,2022-04-02,Not Paid
396,119178.58,,,1743,L/C,2022-09-23,90,CFR,1200,18732,,40,36,2022-10-04,Not Paid
397,137986.14,,,1634,Cable bank transfer,2022-09-23,45,CFR,550,19423,,40,36,2022-04-02,Paid
398,"
116 898,35",2280.23,,1772,CAD,2022-09-23,0,CFR,100,18732,,0,0,2022-07-03,Paid
399,119178.58,,,1435,Cable bank transfer,2022-09-23,90,CIF,4400,19423,,40,40,2022-10-05,Paid
400,"
116 898,35",,,1435,Cable bank transfer,,0,EXW,440,19423,,40,38,2022-03-01,Paid
401,,2280.23,,1435,D/A,,15,CIF,4400,18452,,37,0,2022-04-02,Paid
402,137986.14,2280.23,,1843,L/C,2022-05-22,60,CFR,440,18668,,40,36,2022-10-04,Paid
403,"
116 898,35",,,1743,L/C,2022-05-22,45,CFR,1200,19423,,37,40,2022-10-04,Paid
404,"
116 898,35",,,1843,D/A,2022-06-23,45,CFR,1200,18668,,37,36,2022-03-01,Paid
405,,,,1435,Cable bank transfer,2022-12-25,0,EXW,440,19423,,37,36,2022-07-03,Paid
406,,,,1634,D/A,2022-06-23,90,EXW,4400,19423,,0,0,2022-10-05,Not Paid
407,137986.14,2280.23,,1743,D/A,2022-12-25,45,CFR,100,18668,,40,40,2022-10-05,Not Paid
408,137986.14,,,1435,Cable bank transfer,2022-06-23,90,CIF,4400,18668,,35,40,2022-03-01,Paid
409,119178.58,,,1634,L/C,2022-12-25,60,CFR,100,18732,,40,36,2022-10-05,Paid
410,"
116 898,35",,,1743,L/C,2022-05-22,45,CIF,550,19423,,40,0,2022-07-03,Paid
411,119178.58,,,1772,L/C,2022-06-23,60,CFR,100,18452,,0,40,2022-03-01,Not Paid
412,119178.58,,,1435,Cable bank transfer,2022-05-22,0,CFR,1200,18732,,40,36,2022-07-03,Paid
413,,,,1435,CAD,2022-12-25,15,CFR,100,19423,,0,36,2022-07-03,Paid
414,137986.14,,,1435,D/A,2022-05-22,60,CFR,100,19423,,35,33,2022-03-01,Paid
415,119178.58,,,1743,Cable bank transfer,2022-05-22,0,CFR,550,18452,,35,40,2022-04-02,Paid
416,119178.58,,,1843,Cable bank transfer,,90,CFR,4400,18732,,40,0,2022-07-03,Paid
417,137986.14,,,1772,D/A,2022-05-22,45,CFR,100,19832,,37,40,2022-07-03,Not Paid
418,"
116 898,35",,,1772,CAD,2022-09-23,90,CFR,4400,18732,,0,40,2022-04-02,Paid
419,,,,1843,Cable bank transfer,2022-12-25,15,CIF,440,19423,,40,0,2022-10-04,Paid
420,"
116 898,35",,,1634,Cable bank transfer,2022-05-22,45,EXW,440,18732,,35,40,2022-03-01,Not Paid
421,119178.58,2280.23,,1843,Cable bank transfer,2022-05-22,15,CFR,440,18668,,40,0,2022-10-04,Paid
422,119178.58,,,1772,Cable bank transfer,2022-12-25,45,CIF,1200,19423,,40,36,2022-10-05,Not Paid
423,137986.14,2280.23,,1772,D/A,2022-06-23,45,CFR,1200,19423,,37,38,2022-04-02,Paid
424,137986.14,2280.23,,1743,Cable bank transfer,,60,EXW,550,18668,,35,0,2022-03-01,Not Paid
425,,,,1743,L/C,2022-06-23,60,EXW,4400,18668,,35,38,2022-03-01,Paid
426,137986.14,,,1843,D/A,2022-09-23,60,CFR,440,18452,,35,0,2022-10-05,Paid
427,137986.14,,,1843,Cable bank transfer,2022-05-22,15,CFR,1200,18668,,37,0,2022-07-03,Paid
428,,,,1743,D/A,2022-12-25,15,CFR,550,19423,,40,0,2022-04-02,Paid
429,,2280.23,,1743,CAD,2022-12-25,90,CFR,440,19832,,0,33,2022-03-01,Paid
430,137986.14,,,1772,Cable bank transfer,2022-12-25,90,EXW,440,19832,,37,33,2022-10-04,Paid
431,,2280.23,,1435,Cable bank transfer,2022-09-23,90,CFR,440,18732,,0,38,2022-03-01,Paid
432,119178.58,2280.23,,1435,D/A,2022-05-22,15,EXW,100,19423,,0,0,2022-07-03,Paid
433,119178.58,2280.23,,1772,D/A,2022-06-23,90,EXW,440,19423,,40,36,2022-10-04,Not Paid
434,137986.14,,,1772,D/A,,15,CFR,100,19832,,35,40,2022-10-05,Paid
435,119178.58,,,1843,Cable bank transfer,2022-06-23,90,CFR,440,19423,,37,33,2022-04-02,Not Paid
436,"
116 898,35",,,1634,CAD,2022-12-25,45,CFR,1200,19832,,37,0,2022-04-02,Paid
437,,,,1772,CAD,2022-12-25,60,CFR,100,18668,,35,33,2022-07-03,Paid
438,119178.58,,,1843,Cable bank transfer,2022-09-23,60,CFR,550,18732,,37,0,2022-10-05,Paid
439,137986.14,,,1435,D/A,2022-06-23,60,CFR,4400,18732,,35,0,2022-04-02,Paid
440,"
116 898,35",,,1743,Cable bank transfer,2022-05-22,90,CFR,4400,19423,,37,40,2022-07-03,Paid
441,,,,1435,Cable bank transfer,2022-09-23,15,CIF,100,19832,,0,40,2022-04-02,Paid
442,137986.14,,,1634,Cable bank transfer,,45,CFR,440,19832,,37,38,2022-10-04,Paid
443,137986.14,2280.23,,1435,L/C,2022-09-23,45,CIF,100,19832,,40,38,2022-04-02,Paid
444,119178.58,,,1843,Cable bank transfer,,0,CIF,550,18732,,0,38,2022-10-05,Not Paid
445,119178.58,,,1843,CAD,2022-05-22,60,CFR,100,18732,,37,0,2022-04-02,Paid
446,137986.14,,,1743,D/A,2022-06-23,0,CFR,440,18732,,35,38,2022-10-05,Paid
447,119178.58,2280.23,,1843,CAD,2022-05-22,90,CFR,100,19423,,37,38,2022-07-03,Paid
448,"
116 898,35",,,1435,Cable bank transfer,2022-06-23,60,CFR,4400,19832,,37,33,2022-04-02,Paid
449,137986.14,,,1435,D/A,2022-09-23,60,EXW,550,19832,,37,36,2022-03-01,Not Paid
450,137986.14,,,1772,CAD,2022-05-22,0,CFR,440,18668,,0,38,2022-03-01,Paid
451,"
116 898,35",,,1772,L/C,2022-12-25,45,CIF,4400,19423,,40,33,2022-10-04,Paid
452,"
116 898,35",,,1435,Cable bank transfer,2022-06-23,0,CFR,100,18732,,40,33,2022-03-01,Paid
453,137986.14,,,1743,CAD,2022-05-22,90,CIF,1200,19423,,37,33,2022-04-02,Paid
454,119178.58,,,1435,L/C,2022-09-23,45,EXW,550,18732,,37,36,2022-10-05,Paid
455,119178.58,,,1743,Cable bank transfer,2022-05-22,90,CFR,440,18452,,37,33,2022-07-03,Paid
456,,,,1743,D/A,2022-05-22,15,CFR,550,19423,,40,33,2022-10-04,Paid
457,,,,1843,L/C,2022-06-23,15,CFR,440,18452,,37,0,2022-03-01,Paid
458,,2280.23,,1634,L/C,2022-12-25,45,CFR,4400,18668,,0,40,2022-10-05,Paid
459,137986.14,2280.23,,1634,CAD,2022-06-23,15,CFR,550,18668,,37,36,2022-04-02,Paid
460,"
116 898,35",,,1772,CAD,2022-05-22,60,CFR,4400,18732,,37,40,2022-07-03,Paid
461,137986.14,2280.23,,1435,Cable bank transfer,2022-09-23,60,CIF,550,19423,,40,36,2022-10-04,Paid
462,137986.14,,,1772,L/C,2022-05-22,0,CFR,1200,19832,,40,0,2022-04-02,Paid
463,,2280.23,,1843,CAD,,0,CFR,4400,18668,,0,0,2022-04-02,Paid
464,137986.14,,,1843,Cable bank transfer,2022-05-22,90,CIF,550,18732,,37,0,2022-04-02,Paid
465,137986.14,2280.23,,1435,L/C,2022-12-25,90,CFR,550,18452,,40,36,2022-03-01,Paid
466,"
116 898,35",,,1772,D/A,,0,CFR,100,18452,,37,38,2022-10-05,Not Paid
467,137986.14,,,1634,Cable bank transfer,2022-06-23,45,CIF,440,18732,,35,40,2022-03-01,Paid
468,137986.14,,,1634,D/A,2022-06-23,45,CIF,100,18668,,35,40,2022-04-02,Paid
469,137986.14,,,1772,Cable bank transfer,,90,CFR,1200,19423,,0,36,2022-10-04,Paid
470,137986.14,,,1743,Cable bank transfer,2022-05-22,60,EXW,100,18732,,37,0,2022-03-01,Not Paid
471,137986.14,,,1634,L/C,2022-05-22,0,EXW,100,18732,,37,0,2022-10-04,Paid
472,137986.14,2280.23,,1634,Cable bank transfer,,90,CFR,4400,18732,,0,38,2022-10-04,Not Paid
473,137986.14,2280.23,,1634,Cable bank transfer,2022-09-23,0,CFR,550,19832,,40,36,2022-10-05,Paid
474,,2280.23,,1743,D/A,2022-05-22,45,CFR,1200,18452,,37,33,2022-07-03,Paid
475,,,,1634,D/A,2022-12-25,60,CFR,550,18732,,37,40,2022-10-05,Paid
476,137986.14,,,1843,Cable bank transfer,2022-09-23,45,CFR,100,18452,,37,36,2022-07-03,Not Paid
477,137986.14,,,1634,Cable bank transfer,2022-06-23,60,EXW,550,18452,,35,36,2022-07-03,Paid
478,119178.58,,,1743,Cable bank transfer,,45,CIF,550,18452,,37,0,2022-10-04,Paid
479,137986.14,,,1772,CAD,2022-09-23,0,CFR,100,19423,,40,33,2022-10-05,Paid
480,119178.58,,,1743,L/C,2022-12-25,15,CIF,4400,19832,,37,0,2022-03-01,Paid
481,137986.14,2280.23,,1435,D/A,2022-06-23,0,CFR,550,19832,,0,40,2022-10-04,Not Paid
482,137986.14,,,1843,Cable bank transfer,2022-09-23,15,EXW,440,19423,,37,40,2022-04-02,Paid
483,137986.14,,,1634,D/A,2022-06-23,60,CIF,440,18452,,37,0,2022-07-03,Paid
484,119178.58,2280.23,,1772,L/C,2022-06-23,90,CFR,550,19832,,37,38,2022-10-04,Not Paid
485,119178.58,2280.23,,1634,Cable bank transfer,2022-09-23,45,CIF,1200,18452,,37,38,2022-03-01,Not Paid
486,"
116 898,35",,,1843,L/C,2022-12-25,45,EXW,4400,19423,,0,33,2022-10-05,Paid
487,137986.14,,,1435,Cable bank transfer,2022-12-25,0,CFR,4400,18452,,37,40,2022-07-03,Not Paid
488,"
116 898,35",,,1634,Cable bank transfer,2022-06-23,0,CFR,550,19832,,37,38,2022-10-04,Paid
489,119178.58,,,1435,CAD,,0,CFR,1200,19832,,37,38,2022-04-02,Paid
490,137986.14,,,1772,Cable bank transfer,2022-06-23,0,CFR,4400,19423,,37,40,2022-04-02,Not Paid
491,119178.58,,,1634,Cable bank transfer,2022-06-23,15,CFR,1200,19423,,40,33,2022-04-02,Paid
492,"
116 898,35",2280.23,,1634,D/A,,0,CFR,100,19832,,37,36,2022-10-05,Not Paid
493,,,,1435,CAD,2022-12-25,60,CFR,1200,18452,,35,38,2022-07-03,Paid
494,"
116 898,35",,,1634,Cable bank transfer,2022-12-25,60,CIF,550,19832,,35,40,2022-10-05,Paid
495,137986.14,,,1634,D/A,2022-06-23,45,EXW,550,19832,,37,0,2022-10-04,Not Paid
496,,2280.23,,1435,Cable bank transfer,2022-09-23,90,EXW,100,19832,,0,0,2022-10-05,Paid
497,137986.14,,,1634,Cable bank transfer,2022-12-25,90,EXW,1200,18732,,0,36,2022-10-04,Paid
498,137986.14,,,1634,D/A,2022-12-25,15,EXW,440,18452,,0,0,2022-04-02,Paid
499,"
116 898,35",,,1634,Cable bank transfer,2022-06-23,15,CFR,550,18452,,0,33,2022-10-04,Paid
500,137986.14,,,1772,Cable bank transfer,2022-09-23,0,EXW,550,18732,,40,38,2022-10-05,Paid
501,137986.14,,,1843,CAD,2022-06-23,0,CFR,550,19423,,37,33,2022-07-03,Not Paid
502,119178.58,2280.23,,1634,Cable bank transfer,2022-06-23,15,CFR,1200,19832,,37,33,2022-07-03,Paid
503,137986.14,2280.23,,1843,Cable bank transfer,2022-06-23,90,CFR,1200,19423,,37,38,2022-04-02,Paid
504,137986.14,,,1743,Cable bank transfer,2022-09-23,45,CFR,1200,18452,,40,38,2022-04-02,Paid
505,119178.58,,,1743,D/A,2022-05-22,15,CFR,550,18668,,37,38,2022-04-02,Paid
506,137986.14,,,1743,Cable bank transfer,,60,CFR,100,18452,,40,38,2022-10-04,Paid
507,119178.58,2280.23,,1435,Cable bank transfer,2022-09-23,15,CFR,1200,18732,,40,33,2022-04-02,Paid
508,137986.14,,,1634,Cable bank transfer,2022-12-25,45,CIF,440,18732,,40,36,2022-10-05,Paid
509,137986.14,,,1843,L/C,,90,CIF,440,19832,,0,33,2022-04-02,Paid
510,119178.58,,,1634,D/A,2022-06-23,90,CFR,440,19423,,40,36,2022-10-05,Paid
511,119178.58,,,1435,L/C,2022-06-23,60,CFR,100,19423,,0,38,2022-10-05,Paid
512,"
116 898,35",,,1743,L/C,,45,CFR,440,19832,,37,38,2022-03-01,Paid
513,137986.14,2280.23,,1634,Cable bank transfer,2022-12-25,60,EXW,440,18668,,35,33,2022-10-05,Paid
514,119178.58,2280.23,,1435,Cable bank transfer,2022-05-22,0,CFR,4400,18452,,37,40,2022-10-05,Paid
515,"
116 898,35",,,1743,Cable bank transfer,2022-05-22,45,CFR,4400,18732,,37,38,2022-03-01,Paid
516,119178.58,,,1435,Cable bank transfer,,90,CFR,1200,18732,,37,38,2022-03-01,Paid
517,137986.14,,,1772,L/C,,90,CFR,4400,18732,,37,33,2022-10-04,Paid
518,137986.14,,,1772,CAD,2022-05-22,15,CIF,550,18668,,0,0,2022-04-02,Paid
519,"
116 898,35",,,1772,CAD,2022-12-25,60,CFR,1200,18668,,37,36,2022-04-02,Paid
520,137986.14,,,1634,L/C,2022-06-23,60,CFR,4400,18452,,0,40,2022-03-01,Not Paid
521,137986.14,,,1843,Cable bank transfer,,90,CFR,440,19832,,40,36,2022-03-01,Paid
522,137986.14,,,1843,Cable bank transfer,2022-06-23,90,CFR,100,18732,,40,0,2022-07-03,Paid
523,137986.14,,,1634,D/A,2022-06-23,15,CFR,440,19423,,35,36,2022-10-04,Paid
524,137986.14,,,1743,Cable bank transfer,2022-12-25,15,CFR,4400,19832,,40,33,2022-03-01,Paid
525,137986.14,,,1843,CAD,2022-09-23,0,CFR,100,19832,,37,38,2022-10-04,Paid
526,,2280.23,,1634,L/C,,45,CFR,550,18452,,0,38,2022-10-05,Paid
527,137986.14,,,1772,Cable bank transfer,2022-06-23,90,CFR,440,18452,,40,33,2022-10-05,Paid
528,"
116 898,35",,,1634,D/A,2022-12-25,60,EXW,550,18668,,40,38,2022-10-05,Not Paid
529,137986.14,,,1743,L/C,2022-06-23,45,CIF,550,18668,,40,36,2022-03-01,Not Paid
530,137986.14,,,1435,CAD,,90,EXW,550,19832,,0,40,2022-04-02,Paid
531,,,,1843,Cable bank transfer,2022-12-25,15,CIF,1200,18732,,35,40,2022-04-02,Not Paid
532,,,,1772,L/C,,60,CFR,550,19423,,35,36,2022-03-01,Paid
533,"
116 898,35",,,1743,D/A,2022-05-22,90,CFR,4400,18732,,37,40,2022-03-01,Not Paid
534,137986.14,,,1435,Cable bank transfer,2022-09-23,15,EXW,440,18668,,40,40,2022-10-05,Paid
535,137986.14,,,1843,D/A,,90,EXW,550,18732,,40,38,2022-10-04,Paid
536,"
116 898,35",,,1634,Cable bank transfer,2022-12-25,0,CFR,4400,19832,,0,0,2022-10-04,Not Paid
537,137986.14,,,1435,Cable bank transfer,,90,CFR,440,19423,,37,36,2022-10-05,Paid
538,119178.58,,,1435,CAD,2022-06-23,15,CIF,550,18732,,0,33,2022-04-02,Not Paid
539,"
116 898,35",,,1843,D/A,,0,CIF,4400,19423,,0,38,2022-10-05,Paid
540,137986.14,,,1772,Cable bank transfer,,0,EXW,1200,19423,,0,36,2022-03-01,Paid
541,119178.58,,,1843,Cable bank transfer,2022-06-23,60,CIF,550,19832,,40,38,2022-03-01,Paid
542,137986.14,,,1743,CAD,,0,EXW,1200,18732,,35,0,2022-04-02,Paid
543,"
116 898,35",,,1435,Cable bank transfer,2022-09-23,90,CFR,1200,19832,,37,33,2022-03-01,Paid
544,137986.14,,,1843,D/A,2022-09-23,90,CFR,100,19423,,0,33,2022-07-03,Paid
545,137986.14,,,1743,Cable bank transfer,2022-06-23,0,CFR,440,19832,,0,36,2022-10-05,Paid
546,"
116 898,35",,,1743,CAD,2022-06-23,60,CFR,4400,19423,,37,0,2022-07-03,Not Paid
547,,,,1743,L/C,,90,EXW,1200,19423,,35,36,2022-10-05,Paid
548,119178.58,,,1843,CAD,,90,EXW,100,18452,,40,33,2022-07-03,Not Paid
549,137986.14,,,1743,L/C,2022-05-22,15,CFR,440,19832,,37,36,2022-04-02,Paid
550,,,,1743,Cable bank transfer,2022-12-25,0,CFR,1200,18452,,35,33,2022-07-03,Paid
551,137986.14,2280.23,,1435,CAD,2022-05-22,45,CFR,4400,18452,,37,40,2022-10-04,Paid
552,"
116 898,35",,,1843,Cable bank transfer,2022-05-22,45,CFR,440,18732,,37,36,2022-04-02,Paid
553,"
116 898,35",,,1843,Cable bank transfer,2022-09-23,15,CFR,440,18452,,0,0,2022-10-04,Paid
554,119178.58,,,1772,CAD,2022-09-23,0,CFR,1200,18732,,35,33,2022-07-03,Paid
555,119178.58,,,1634,Cable bank transfer,2022-05-22,60,CFR,550,18452,,0,33,2022-03-01,Not Paid
556,137986.14,,,1772,L/C,2022-05-22,0,CIF,550,18452,,35,40,2022-04-02,Paid
557,137986.14,,,1772,L/C,,60,CIF,550,18452,,37,0,2022-10-05,Paid
558,,,,1435,Cable bank transfer,2022-12-25,45,CFR,4400,19832,,37,0,2022-07-03,Not Paid
559,"
116 898,35",,,1634,CAD,2022-09-23,0,CIF,100,19832,,35,38,2022-04-02,Not Paid
560,137986.14,,,1634,L/C,2022-09-23,45,CFR,1200,19832,,0,36,2022-10-05,Not Paid
561,119178.58,,,1772,D/A,2022-06-23,90,CFR,550,19832,,37,36,2022-10-04,Not Paid
562,137986.14,,,1772,CAD,2022-12-25,45,CFR,100,18732,,40,40,2022-07-03,Paid
563,,,,1843,D/A,2022-05-22,60,EXW,550,18452,,37,33,2022-10-05,Not Paid
564,119178.58,,,1772,CAD,2022-12-25,90,EXW,4400,19832,,37,0,2022-10-04,Not Paid
565,119178.58,2280.23,,1843,D/A,2022-06-23,15,CIF,550,18452,,35,36,2022-04-02,Not Paid
566,119178.58,,,1634,L/C,2022-09-23,15,CFR,4400,18732,,35,36,2022-03-01,Paid
567,,,,1843,D/A,2022-06-23,60,CFR,100,18452,,35,0,2022-04-02,Not Paid
568,"
116 898,35",,,1634,CAD,2022-12-25,90,CFR,1200,19423,,37,38,2022-10-05,Paid
569,119178.58,,,1843,CAD,,15,CFR,440,18732,,0,33,2022-10-05,Paid
570,"
116 898,35",,,1843,L/C,2022-09-23,60,CFR,100,19423,,37,0,2022-10-04,Paid
571,137986.14,,,1435,D/A,,15,CFR,100,18732,,37,36,2022-10-05,Paid
572,"
116 898,35",,,1743,D/A,,60,CFR,4400,18668,,40,36,2022-04-02,Paid
573,119178.58,,,1772,CAD,2022-12-25,45,CFR,4400,18732,,0,0,2022-10-04,Paid
574,,2280.23,,1435,L/C,,45,CFR,4400,19423,,35,0,2022-04-02,Paid
575,137986.14,2280.23,,1843,D/A,2022-12-25,15,CFR,100,18668,,37,36,2022-03-01,Not Paid
576,119178.58,,,1843,Cable bank transfer,,90,CFR,100,19423,,35,38,2022-10-05,Paid
577,"
116 898,35",,,1435,D/A,,60,CFR,440,19832,,37,40,2022-04-02,Paid
578,119178.58,,,1743,CAD,2022-05-22,90,EXW,1200,19423,,0,40,2022-10-04,Paid
579,"
116 898,35",2280.23,,1435,CAD,,0,EXW,4400,18452,,40,0,2022-04-02,Paid
580,"
116 898,35",2280.23,,1634,Cable bank transfer,2022-05-22,60,CIF,440,19423,,0,0,2022-07-03,Paid
581,137986.14,,,1743,D/A,2022-09-23,60,CFR,1200,19423,,40,38,2022-03-01,Not Paid
582,137986.14,2280.23,,1634,Cable bank transfer,2022-06-23,90,CFR,440,18732,,40,33,2022-04-02,Paid
583,119178.58,2280.23,,1435,Cable bank transfer,2022-09-23,15,CFR,100,19832,,35,38,2022-07-03,Paid
584,137986.14,2280.23,,1743,D/A,,0,CFR,440,18452,,0,38,2022-10-05,Paid
585,137986.14,,,1843,D/A,2022-09-23,60,CFR,4400,18732,,37,38,2022-03-01,Paid
586,137986.14,,,1634,CAD,2022-05-22,60,CFR,440,18452,,40,38,2022-03-01,Paid
587,,,,1634,CAD,2022-05-22,0,EXW,4400,18732,,37,38,2022-04-02,Not Paid
588,119178.58,,,1634,D/A,2022-05-22,15,CIF,550,19423,,37,33,2022-07-03,Not Paid
589,"
116 898,35",,,1743,Cable bank transfer,2022-05-22,45,CFR,1200,19423,,35,38,2022-04-02,Paid
590,"
116 898,35",,,1743,CAD,2022-09-23,0,CFR,440,18732,,40,38,2022-10-05,Paid
591,"
116 898,35",2280.23,,1843,Cable bank transfer,,15,CFR,440,18732,,0,0,2022-10-05,Paid
592,"
116 898,35",,,1634,L/C,,0,CFR,440,18668,,35,36,2022-10-05,Not Paid
593,119178.58,,,1743,L/C,2022-05-22,90,CFR,1200,19832,,37,38,2022-10-04,Not Paid
594,,,,1435,L/C,2022-05-22,15,EXW,440,19423,,37,36,2022-03-01,Paid
595,137986.14,2280.23,,1843,Cable bank transfer,2022-06-23,45,EXW,550,18452,,40,36,2022-03-01,Not Paid
596,119178.58,2280.23,,1843,Cable bank transfer,,15,CFR,100,18452,,35,0,2022-07-03,Paid
597,137986.14,,,1435,D/A,2022-12-25,0,CFR,440,18452,,40,0,2022-10-04,Paid
598,137986.14,,,1435,CAD,,90,CFR,4400,19423,,35,33,2022-10-04,Paid
599,"
116 898,35",,,1772,Cable bank transfer,2022-06-23,90,EXW,100,18668,,37,36,2022-04-02,Paid
600,,,,1772,L/C,,45,CFR,440,18452,,37,36,2022-04-02,Paid
601,137986.14,,,1843,L/C,2022-06-23,15,EXW,1200,19423,,40,38,2022-10-05,Paid
602,137986.14,,,1772,Cable bank transfer,2022-05-22,60,CFR,100,18452,,0,0,2022-10-05,Paid
603,"
116 898,35",,,1634,CAD,2022-12-25,45,CFR,100,19832,,40,0,2022-10-04,Paid
604,"
116 898,35",,,1743,Cable bank transfer,,15,CFR,550,18668,,0,33,2022-03-01,Paid
605,137986.14,,,1435,Cable bank transfer,2022-12-25,45,CFR,4400,19423,,37,36,2022-10-05,Paid
606,"
116 898,35",,,1772,Cable bank transfer,2022-06-23,15,CFR,1200,18732,,35,36,2022-04-02,Paid
607,137986.14,,,1772,Cable bank transfer,2022-06-23,0,CFR,1200,18732,,37,36,2022-03-01,Paid
608,119178.58,2280.23,,1772,Cable bank transfer,2022-06-23,90,CFR,1200,18452,,35,0,2022-07-03,Not Paid
609,137986.14,,,1435,Cable bank transfer,2022-05-22,15,CIF,100,18732,,40,33,2022-10-04,Paid
610,119178.58,,,1435,CAD,2022-09-23,90,CIF,550,19832,,40,33,2022-10-05,Not Paid
611,137986.14,,,1843,CAD,2022-12-25,15,EXW,550,19832,,35,40,2022-10-04,Paid
612,119178.58,,,1772,Cable bank transfer,2022-09-23,15,CIF,1200,18452,,0,38,2022-10-04,Paid
613,137986.14,,,1435,Cable bank transfer,2022-06-23,90,CFR,100,18732,,37,40,2022-04-02,Paid
614,"
116 898,35",,,1634,D/A,2022-06-23,60,CFR,1200,19832,,40,33,2022-04-02,Paid
615,,,,1634,CAD,2022-09-23,60,CFR,4400,19423,,37,36,2022-04-02,Paid
616,137986.14,,,1843,Cable bank transfer,2022-12-25,0,CFR,1200,19832,,35,40,2022-03-01,Not Paid
617,"
116 898,35",,,1843,L/C,,45,CFR,550,19832,,40,40,2022-10-04,Paid
618,119178.58,,,1772,D/A,,0,CIF,1200,19832,,37,38,2022-03-01,Paid
619,"
116 898,35",,,1843,Cable bank transfer,2022-12-25,90,CFR,100,18452,,37,40,2022-04-02,Paid
620,137986.14,,,1772,D/A,2022-06-23,0,CIF,550,18732,,0,33,2022-07-03,Paid
621,"
116 898,35",,,1634,CAD,2022-09-23,0,CFR,440,19423,,37,38,2022-10-05,Paid
622,"
116 898,35",,,1435,D/A,2022-09-23,15,CFR,550,19423,,40,36,2022-07-03,Paid
623,119178.58,,,1743,D/A,2022-12-25,90,CIF,440,19423,,37,33,2022-04-02,Paid
624,119178.58,,,1772,D/A,2022-09-23,45,CFR,550,18732,,37,33,2022-04-02,Paid
625,119178.58,,,1743,Cable bank transfer,2022-06-23,45,CIF,4400,19832,,35,0,2022-04-02,Paid
626,119178.58,,,1435,CAD,2022-12-25,0,CFR,100,19832,,37,36,2022-10-04,Paid
627,137986.14,,,1843,Cable bank transfer,2022-06-23,60,CFR,4400,18452,,37,33,2022-10-05,Paid
628,137986.14,,,1435,CAD,2022-05-22,0,CFR,440,18668,,0,38,2022-10-04,Paid
629,119178.58,,,1772,Cable bank transfer,,90,CFR,4400,18732,,35,0,2022-07-03,Not Paid
630,137986.14,,,1743,D/A,2022-06-23,0,CFR,550,19832,,37,36,2022-07-03,Paid
631,"
116 898,35",,,1435,Cable bank transfer,2022-06-23,60,CIF,100,19423,,35,36,2022-04-02,Not Paid
632,137986.14,,,1843,L/C,2022-09-23,0,CFR,550,18732,,35,33,2022-07-03,Paid
633,137986.14,,,1634,D/A,2022-06-23,15,CIF,440,19832,,0,33,2022-04-02,Paid
634,137986.14,,,1743,Cable bank transfer,,0,EXW,100,18732,,0,33,2022-07-03,Paid
635,137986.14,2280.23,,1743,Cable bank transfer,2022-09-23,90,CFR,550,18668,,37,38,2022-03-01,Paid
636,137986.14,,,1435,CAD,2022-09-23,15,CFR,1200,18452,,37,36,2022-07-03,Paid
637,"
116 898,35",,,1772,Cable bank transfer,2022-05-22,0,CFR,1200,18452,,37,40,2022-10-05,Paid
638,,2280.23,,1843,CAD,2022-12-25,60,CFR,4400,18732,,37,38,2022-07-03,Paid
639,137986.14,,,1634,Cable bank transfer,2022-05-22,60,CIF,100,19423,,0,33,2022-03-01,Paid
640,137986.14,,,1772,CAD,2022-12-25,0,CFR,440,19423,,40,38,2022-10-04,Paid
641,"
116 898,35",,,1772,Cable bank transfer,2022-06-23,0,EXW,4400,18732,,35,36,2022-04-02,Paid
642,119178.58,,,1743,D/A,2022-12-25,60,EXW,550,18732,,37,38,2022-10-04,Paid
643,119178.58,,,1843,L/C,2022-09-23,60,CFR,440,19423,,37,38,2022-04-02,Paid
644,,,,1435,Cable bank transfer,2022-09-23,90,CFR,4400,19423,,40,40,2022-04-02,Not Paid
645,137986.14,2280.23,,1743,L/C,2022-05-22,90,CFR,4400,18668,,37,0,2022-04-02,Not Paid
646,119178.58,,,1634,D/A,2022-09-23,0,CIF,100,18452,,37,33,2022-07-03,Paid
647,137986.14,,,1743,CAD,2022-05-22,0,EXW,550,18452,,0,0,2022-07-03,Paid
648,137986.14,,,1843,Cable bank transfer,2022-06-23,60,CIF,550,18732,,37,38,2022-10-05,Paid
649,119178.58,,,1743,D/A,2022-06-23,0,CFR,4400,19423,,37,40,2022-10-05,Paid
650,"
116 898,35",,,1435,D/A,2022-09-23,45,CFR,550,18452,,0,0,2022-07-03,Not Paid
651,137986.14,,,1772,Cable bank transfer,2022-06-23,90,CFR,100,18452,,0,38,2022-04-02,Paid
652,137986.14,,,1743,Cable bank transfer,2022-06-23,0,CFR,4400,18668,,37,40,2022-07-03,Paid
653,119178.58,,,1772,Cable bank transfer,2022-06-23,60,CFR,4400,19423,,40,36,2022-04-02,Paid
654,"
116 898,35",,,1843,CAD,,0,CFR,4400,18452,,37,0,2022-07-03,Not Paid
655,137986.14,,,1634,CAD,2022-05-22,0,CIF,550,19832,,35,40,2022-07-03,Paid
656,137986.14,,,1634,Cable bank transfer,,90,CFR,550,18668,,35,36,2022-07-03,Paid
657,119178.58,2280.23,,1743,D/A,2022-09-23,45,CIF,440,18452,,0,38,2022-03-01,Not Paid
658,"
116 898,35",,,1843,D/A,,0,CFR,1200,19832,,40,38,2022-04-02,Paid
659,,,,1772,Cable bank transfer,,45,CIF,100,18668,,35,0,2022-10-04,Paid
660,137986.14,,,1843,Cable bank transfer,,45,CFR,550,18732,,37,0,2022-07-03,Paid
661,,,,1772,Cable bank transfer,2022-05-22,0,CFR,440,18732,,0,33,2022-07-03,Paid
662,,,,1772,CAD,2022-12-25,0,CFR,4400,19423,,40,36,2022-03-01,Paid
663,"
116 898,35",,,1843,Cable bank transfer,2022-12-25,15,CFR,4400,19423,,35,38,2022-10-04,Paid
664,"
116 898,35",,,1435,D/A,2022-05-22,45,EXW,100,19423,,37,33,2022-03-01,Paid
665,,2280.23,,1843,Cable bank transfer,2022-09-23,0,CIF,1200,18732,,40,38,2022-07-03,Paid
666,,,,1634,Cable bank transfer,2022-09-23,15,EXW,440,19832,,37,33,2022-07-03,Paid
667,,,,1772,Cable bank transfer,2022-05-22,15,CFR,1200,19832,,35,40,2022-07-03,Paid
668,119178.58,,,1634,Cable bank transfer,,15,CFR,4400,19423,,37,38,2022-10-05,Paid
669,137986.14,,,1772,CAD,2022-05-22,15,CFR,4400,19832,,40,40,2022-10-04,Not Paid
670,137986.14,,,1435,CAD,2022-06-23,0,EXW,4400,19423,,40,38,2022-07-03,Paid
671,,,,1843,L/C,2022-09-23,15,CFR,440,18452,,0,38,2022-07-03,Paid
672,"
116 898,35",,,1743,Cable bank transfer,2022-09-23,90,CFR,1200,19423,,40,33,2022-07-03,Paid
673,137986.14,,,1843,Cable bank transfer,2022-12-25,90,CFR,1200,19832,,37,36,2022-04-02,Paid
674,137986.14,,,1743,L/C,2022-05-22,90,CIF,1200,18452,,40,38,2022-07-03,Not Paid
675,137986.14,,,1634,CAD,2022-05-22,45,CIF,440,18668,,40,36,2022-04-02,Paid
676,137986.14,,,1743,Cable bank transfer,2022-05-22,15,CFR,440,19832,,37,38,2022-10-04,Paid
677,137986.14,2280.23,,1772,Cable bank transfer,2022-12-25,15,CIF,550,18732,,35,40,2022-04-02,Paid
678,137986.14,,,1435,D/A,2022-05-22,90,CFR,440,19423,,40,38,2022-10-05,Paid
679,137986.14,,,1843,Cable bank transfer,,90,CFR,550,19423,,37,0,2022-10-05,Paid
680,119178.58,,,1634,L/C,2022-09-23,15,CFR,1200,18668,,37,38,2022-10-05,Paid
681,119178.58,,,1743,CAD,2022-05-22,60,CFR,440,19423,,35,36,2022-10-04,Not Paid
682,,,,1743,Cable bank transfer,2022-06-23,45,CFR,100,18732,,0,0,2022-07-03,Paid
683,137986.14,2280.23,,1435,D/A,2022-05-22,45,CFR,440,18668,,35,0,2022-04-02,Paid
684,119178.58,,,1634,D/A,2022-05-22,60,CFR,100,19832,,35,0,2022-10-04,Paid
685,137986.14,,,1634,L/C,2022-09-23,0,CFR,1200,18452,,35,33,2022-10-05,Paid
686,,2280.23,,1435,D/A,2022-12-25,90,CFR,550,19832,,37,38,2022-10-05,Paid
687,"
116 898,35",,,1843,CAD,2022-09-23,15,CFR,4400,19423,,40,40,2022-10-05,Not Paid
688,137986.14,,,1843,L/C,2022-06-23,90,CFR,1200,18452,,37,0,2022-07-03,Paid
689,,,,1772,CAD,,45,CFR,550,19423,,37,38,2022-03-01,Paid
690,,,,1634,L/C,,60,CFR,4400,18732,,37,33,2022-10-05,Paid
691,137986.14,2280.23,,1435,Cable bank transfer,2022-06-23,15,CFR,4400,18452,,37,0,2022-07-03,Paid
692,"
116 898,35",,,1772,Cable bank transfer,2022-12-25,0,EXW,100,18732,,40,33,2022-10-04,Paid
693,137986.14,,,1435,CAD,2022-12-25,15,CIF,440,18732,,0,40,2022-04-02,Paid
694,119178.58,,,1772,L/C,2022-06-23,60,CFR,440,19832,,0,33,2022-03-01,Paid
695,"
116 898,35",,,1634,L/C,2022-09-23,90,CIF,100,18668,,35,33,2022-07-03,Paid
696,137986.14,,,1772,Cable bank transfer,2022-05-22,60,CFR,440,19423,,35,38,2022-04-02,Paid
697,"
116 898,35",2280.23,,1772,Cable bank transfer,2022-05-22,0,CFR,440,18452,,0,40,2022-10-05,Paid
698,"
116 898,35",,,1772,L/C,2022-12-25,60,CFR,100,18452,,37,36,2022-10-04,Paid
699,,,,1843,L/C,2022-12-25,60,CFR,550,18668,,0,36,2022-10-05,Paid
700,119178.58,,,1743,CAD,,15,CIF,100,18732,,40,38,2022-07-03,Paid
701,119178.58,,,1634,L/C,2022-05-22,45,EXW,440,19423,,0,38,2022-10-04,Paid
702,119178.58,,,1743,Cable bank transfer,2022-12-25,90,EXW,550,19832,,0,40,2022-10-04,Paid
703,137986.14,,,1435,CAD,2022-09-23,0,CIF,100,18668,,40,0,2022-03-01,Paid
704,119178.58,,,1743,Cable bank transfer,2022-09-23,90,CFR,1200,19832,,37,40,2022-10-05,Paid
705,,,,1634,Cable bank transfer,2022-09-23,15,CIF,4400,18452,,37,33,2022-10-05,Paid
706,"
116 898,35",,,1435,D/A,2022-05-22,90,CFR,550,18452,,35,0,2022-07-03,Paid
707,"
116 898,35",,,1634,D/A,2022-06-23,0,CFR,550,18452,,40,0,2022-03-01,Paid
708,137986.14,,,1843,CAD,2022-06-23,15,CIF,1200,19832,,35,36,2022-04-02,Paid
709,,,,1772,L/C,2022-12-25,60,CFR,1200,19832,,35,40,2022-03-01,Paid
710,"
116 898,35",,,1843,Cable bank transfer,,0,CIF,4400,18732,,37,38,2022-10-05,Paid
711,119178.58,,,1743,CAD,2022-06-23,60,CIF,100,18668,,40,40,2022-03-01,Paid
712,119178.58,,,1772,L/C,2022-06-23,0,CFR,1200,19832,,40,38,2022-04-02,Paid
713,137986.14,2280.23,,1843,CAD,2022-06-23,45,CFR,4400,18668,,40,36,2022-07-03,Paid
714,,,,1435,D/A,2022-09-23,90,CFR,440,19832,,37,36,2022-03-01,Not Paid
715,"
116 898,35",,,1843,D/A,2022-05-22,45,CIF,550,18452,,0,0,2022-03-01,Paid
716,"
116 898,35",,,1772,Cable bank transfer,2022-05-22,15,CFR,100,19832,,40,33,2022-04-02,Not Paid
717,119178.58,,,1743,D/A,2022-12-25,45,CIF,1200,19423,,0,33,2022-04-02,Not Paid
718,137986.14,,,1743,D/A,2022-06-23,45,CIF,550,18668,,40,0,2022-07-03,Paid
719,"
116 898,35",,,1743,Cable bank transfer,2022-05-22,60,CFR,440,18668,,35,33,2022-10-05,Paid
720,119178.58,,,1634,Cable bank transfer,2022-06-23,60,CFR,550,19423,,35,36,2022-07-03,Paid
721,"
116 898,35",,,1843,Cable bank transfer,2022-05-22,90,EXW,4400,19423,,0,40,2022-04-02,Paid
722,137986.14,2280.23,,1843,CAD,2022-09-23,45,EXW,550,19423,,37,38,2022-10-05,Paid
723,137986.14,,,1743,Cable bank transfer,2022-12-25,15,CFR,550,18668,,35,33,2022-07-03,Paid
724,137986.14,2280.23,,1435,CAD,2022-12-25,0,CFR,4400,18732,,40,38,2022-10-04,Not Paid
725,"
116 898,35",2280.23,,1743,L/C,2022-06-23,90,CFR,4400,18668,,37,40,2022-07-03,Paid
726,137986.14,,,1743,Cable bank transfer,,90,CFR,1200,18732,,37,38,2022-07-03,Not Paid
727,,,,1772,Cable bank transfer,2022-09-23,45,CFR,440,18668,,37,0,2022-10-04,Paid
728,137986.14,,,1435,Cable bank transfer,2022-05-22,90,CFR,440,19423,,0,40,2022-10-05,Not Paid
729,137986.14,,,1634,Cable bank transfer,2022-09-23,60,CFR,550,19832,,40,40,2022-07-03,Not Paid
730,,,,1743,D/A,2022-12-25,15,CFR,1200,19423,,40,38,2022-07-03,Paid
731,"
116 898,35",,,1772,Cable bank transfer,2022-06-23,45,EXW,440,18732,,37,33,2022-10-05,Paid
732,,,,1772,D/A,2022-09-23,45,CIF,440,18732,,37,40,2022-03-01,Paid
733,119178.58,,,1435,L/C,2022-09-23,90,CFR,1200,18452,,37,36,2022-10-04,Paid
734,137986.14,2280.23,,1634,D/A,2022-12-25,0,CFR,550,18732,,0,40,2022-04-02,Paid
735,,2280.23,,1743,CAD,2022-06-23,90,CFR,440,18668,,40,0,2022-10-04,Paid
736,"
116 898,35",,,1435,L/C,2022-09-23,15,CFR,100,19832,,40,40,2022-10-04,Not Paid
737,137986.14,,,1843,D/A,2022-05-22,15,CFR,440,18452,,40,38,2022-03-01,Paid
738,137986.14,2280.23,,1743,CAD,2022-09-23,0,CIF,550,18452,,35,36,2022-10-04,Paid
739,119178.58,,,1435,Cable bank transfer,2022-05-22,90,CFR,440,19832,,40,40,2022-10-05,Paid
740,137986.14,,,1634,Cable bank transfer,2022-06-23,0,CFR,1200,19423,,35,0,2022-04-02,Paid
741,,,,1743,D/A,2022-09-23,45,CFR,1200,18732,,40,36,2022-10-04,Not Paid
742,,,,1772,Cable bank transfer,,15,CFR,440,18732,,37,38,2022-07-03,Paid
743,119178.58,,,1634,Cable bank transfer,2022-12-25,90,EXW,550,19832,,37,40,2022-03-01,Paid
744,"
116 898,35",,,1772,CAD,2022-05-22,0,CFR,4400,19832,,0,36,2022-10-04,Not Paid
745,137986.14,,,1743,L/C,2022-09-23,60,CFR,440,18452,,0,38,2022-04-02,Not Paid
746,"
116 898,35",,,1843,D/A,2022-06-23,90,CIF,1200,18452,,40,33,2022-03-01,Paid
747,137986.14,2280.23,,1743,L/C,2022-12-25,45,CFR,1200,18452,,0,0,2022-03-01,Not Paid
748,"
116 898,35",,,1843,D/A,2022-12-25,60,CFR,440,18668,,0,33,2022-10-04,Paid
749,137986.14,2280.23,,1743,Cable bank transfer,2022-09-23,90,CFR,1200,18668,,37,36,2022-04-02,Paid
750,137986.14,,,1772,D/A,2022-05-22,60,EXW,100,18732,,35,38,2022-10-04,Paid
751,,2280.23,,1634,D/A,2022-06-23,15,EXW,4400,18732,,35,33,2022-07-03,Paid
752,119178.58,,,1743,D/A,2022-05-22,45,CFR,1200,18668,,35,36,2022-07-03,Not Paid
753,,,,1435,Cable bank transfer,,0,EXW,4400,19423,,37,36,2022-03-01,Paid
754,119178.58,,,1772,CAD,,15,CFR,440,19423,,37,33,2022-03-01,Paid
755,137986.14,2280.23,,1843,D/A,2022-12-25,60,CFR,100,19832,,40,38,2022-07-03,Paid
756,119178.58,,,1435,CAD,2022-09-23,60,CIF,550,19423,,37,38,2022-04-02,Paid
757,137986.14,,,1772,D/A,2022-06-23,15,CFR,550,19423,,40,33,2022-07-03,Not Paid
758,119178.58,,,1435,D/A,2022-05-22,45,CFR,100,18668,,37,36,2022-03-01,Paid
759,119178.58,,,1843,D/A,2022-06-23,0,CFR,1200,18732,,37,0,2022-04-02,Not Paid
760,"
116 898,35",,,1435,L/C,2022-09-23,90,CFR,1200,18452,,0,33,2022-07-03,Not Paid
761,,,,1843,CAD,2022-09-23,45,CIF,4400,18732,,37,33,2022-10-05,Paid
762,137986.14,,,1743,CAD,,90,CIF,550,18668,,37,0,2022-04-02,Paid
763,,,,1772,L/C,2022-06-23,0,CFR,1200,18732,,35,33,2022-07-03,Paid
764,137986.14,2280.23,,1743,Cable bank transfer,2022-09-23,45,CFR,1200,18732,,35,36,2022-10-05,Paid
765,119178.58,,,1634,Cable bank transfer,2022-05-22,60,CFR,100,19832,,35,36,2022-10-04,Not Paid
766,,2280.23,,1634,Cable bank transfer,2022-12-25,45,CIF,440,18452,,37,40,2022-07-03,Not Paid
767,137986.14,,,1435,CAD,2022-12-25,45,CFR,550,18452,,37,33,2022-10-05,Paid
768,"
116 898,35",,,1634,Cable bank transfer,2022-06-23,15,CFR,440,19423,,40,38,2022-10-05,Paid
769,137986.14,,,1843,Cable bank transfer,2022-09-23,90,CFR,1200,18668,,37,0,2022-04-02,Not Paid
770,"
116 898,35",2280.23,,1743,L/C,2022-05-22,90,CFR,100,19832,,0,36,2022-10-05,Not Paid
771,137986.14,2280.23,,1634,L/C,2022-06-23,15,CIF,1200,18668,,0,0,2022-04-02,Paid
772,137986.14,,,1743,L/C,2022-05-22,15,CFR,1200,19423,,37,36,2022-04-02,Paid
773,137986.14,,,1743,CAD,2022-12-25,15,EXW,1200,18732,,35,33,2022-10-04,Not Paid
774,"
116 898,35",2280.23,,1634,D/A,,0,CFR,440,18668,,37,36,2022-03-01,Paid
775,119178.58,2280.23,,1634,CAD,2022-12-25,45,EXW,440,18668,,40,0,2022-10-05,Paid
776,137986.14,,,1634,CAD,2022-09-23,60,EXW,440,19832,,35,36,2022-04-02,Paid
777,119178.58,,,1843,CAD,2022-06-23,45,CIF,440,18668,,37,38,2022-04-02,Paid
778,137986.14,,,1772,CAD,2022-12-25,0,CFR,550,18452,,40,40,2022-03-01,Paid
779,"
116 898,35",,,1843,Cable bank transfer,2022-06-23,45,CIF,1200,19832,,37,38,2022-04-02,Not Paid
780,137986.14,,,1435,Cable bank transfer,2022-12-25,60,EXW,100,18452,,37,36,2022-03-01,Paid
781,119178.58,,,1435,CAD,2022-09-23,90,CFR,440,19832,,0,33,2022-07-03,Not Paid
782,119178.58,,,1743,D/A,,45,CFR,440,18452,,0,36,2022-07-03,Paid
783,137986.14,,,1435,L/C,2022-06-23,90,CFR,4400,19832,,37,33,2022-03-01,Paid
784,119178.58,,,1843,Cable bank transfer,2022-09-23,60,CFR,100,18452,,40,0,2022-03-01,Not Paid
785,"
116 898,35",,,1743,Cable bank transfer,2022-05-22,0,CFR,440,18732,,35,0,2022-10-04,Paid
786,,,,1843,CAD,2022-06-23,90,CFR,1200,18452,,37,0,2022-04-02,Paid
787,137986.14,,,1843,CAD,2022-06-23,45,CFR,550,18668,,37,33,2022-04-02,Paid
788,119178.58,,,1843,Cable bank transfer,,15,CIF,550,18452,,0,33,2022-07-03,Paid
789,137986.14,2280.23,,1743,Cable bank transfer,2022-09-23,90,CFR,4400,19423,,37,0,2022-04-02,Paid
790,,,,1634,Cable bank transfer,2022-06-23,15,CIF,440,18732,,0,38,2022-04-02,Paid
791,137986.14,,,1435,D/A,2022-06-23,15,CFR,4400,18732,,37,38,2022-04-02,Paid
792,137986.14,2280.23,,1772,D/A,,15,CFR,1200,18732,,37,36,2022-03-01,Not Paid
793,,,,1772,Cable bank transfer,,15,CFR,100,18732,,35,33,2022-10-05,Paid
794,119178.58,,,1743,D/A,2022-05-22,0,EXW,550,18452,,40,0,2022-10-05,Not Paid
795,137986.14,,,1843,CAD,2022-09-23,0,EXW,550,19832,,37,36,2022-07-03,Paid
796,137986.14,,,1634,D/A,2022-06-23,90,EXW,440,18668,,37,38,2022-03-01,Paid
797,"
116 898,35",,,1843,D/A,,60,EXW,100,18668,,0,36,2022-07-03,Paid
798,119178.58,,,1843,CAD,2022-05-22,15,CIF,440,19423,,37,40,2022-04-02,Paid
799,119178.58,,,1743,Cable bank transfer,2022-05-22,45,EXW,550,18668,,40,36,2022-10-05,Not Paid
800,,2280.23,,1843,Cable bank transfer,2022-05-22,45,EXW,440,19423,,35,36,2022-10-05,Paid
801,"
116 898,35",,,1843,CAD,,60,CFR,550,18452,,40,33,2022-03-01,Not Paid
802,119178.58,,,1435,D/A,,0,CFR,440,19832,,0,36,2022-10-04,Paid
803,137986.14,,,1435,L/C,,0,CFR,1200,18452,,37,0,2022-10-04,Paid
804,137986.14,,,1435,L/C,2022-06-23,45,CFR,1200,18452,,40,36,2022-04-02,Paid
805,137986.14,2280.23,,1772,Cable bank transfer,,0,CFR,100,19423,,40,0,2022-03-01,Paid
806,"
116 898,35",,,1772,D/A,2022-12-25,90,CIF,440,18452,,35,40,2022-04-02,Not Paid
807,137986.14,,,1634,Cable bank transfer,2022-12-25,60,CFR,550,19423,,40,33,2022-07-03,Paid
808,"
116 898,35",,,1743,D/A,,0,CIF,4400,19423,,0,38,2022-10-05,Paid
809,137986.14,,,1743,L/C,2022-09-23,90,CFR,100,18668,,37,36,2022-07-03,Paid
810,137986.14,,,1843,CAD,2022-05-22,15,CFR,440,19423,,37,33,2022-10-05,Paid
811,119178.58,2280.23,,1743,Cable bank transfer,2022-05-22,45,CIF,4400,19423,,37,38,2022-10-05,Not Paid
812,137986.14,,,1743,L/C,2022-06-23,60,CFR,1200,19832,,0,38,2022-03-01,Paid
813,137986.14,,,1772,Cable bank transfer,,15,CIF,1200,18668,,35,38,2022-03-01,Paid
814,137986.14,,,1634,Cable bank transfer,2022-12-25,90,EXW,550,19423,,37,33,2022-04-02,Paid
815,119178.58,,,1772,L/C,2022-06-23,60,CFR,100,18732,,40,36,2022-10-05,Paid
816,137986.14,,,1435,Cable bank transfer,2022-05-22,60,CFR,440,18732,,40,38,2022-07-03,Paid
817,137986.14,2280.23,,1843,Cable bank transfer,2022-05-22,45,CFR,550,19832,,0,40,2022-04-02,Paid
818,137986.14,,,1634,D/A,,15,CFR,440,18668,,0,38,2022-10-04,Paid
819,137986.14,,,1843,Cable bank transfer,2022-09-23,60,CIF,550,18668,,37,36,2022-07-03,Paid
820,119178.58,,,1435,CAD,2022-06-23,90,CFR,1200,18732,,37,33,2022-07-03,Paid
821,119178.58,,,1772,Cable bank transfer,2022-06-23,0,CIF,440,19832,,37,40,2022-03-01,Paid
822,137986.14,,,1772,D/A,2022-09-23,45,CFR,550,19832,,37,36,2022-04-02,Paid
823,,,,1743,CAD,,15,CIF,550,19423,,37,33,2022-04-02,Not Paid
824,137986.14,,,1772,CAD,2022-05-22,15,CFR,1200,18732,,0,36,2022-03-01,Paid
825,"
116 898,35",,,1435,Cable bank transfer,2022-05-22,90,EXW,100,18668,,37,33,2022-03-01,Not Paid
826,137986.14,,,1743,D/A,2022-09-23,0,EXW,440,18732,,40,38,2022-10-05,Paid
827,119178.58,,,1772,L/C,2022-09-23,90,CFR,1200,18732,,40,40,2022-03-01,Paid
828,137986.14,,,1843,L/C,2022-09-23,60,EXW,100,19832,,0,40,2022-04-02,Paid
829,119178.58,,,1634,D/A,2022-12-25,0,CFR,1200,19832,,37,33,2022-10-04,Paid
830,"
116 898,35",,,1634,D/A,2022-09-23,45,CFR,550,18668,,40,0,2022-10-05,Paid
831,"
116 898,35",2280.23,,1435,Cable bank transfer,2022-05-22,0,CFR,100,18668,,35,38,2022-04-02,Not Paid
832,,,,1843,Cable bank transfer,,0,CIF,4400,19832,,37,40,2022-03-01,Not Paid
833,,,,1435,CAD,2022-12-25,90,CFR,550,18732,,37,40,2022-07-03,Not Paid
834,"
116 898,35",,,1435,Cable bank transfer,,0,EXW,1200,19423,,37,40,2022-10-04,Paid
835,119178.58,,,1843,D/A,2022-12-25,0,CFR,100,19423,,37,0,2022-10-04,Not Paid
836,,,,1743,Cable bank transfer,2022-12-25,60,CIF,100,19832,,40,36,2022-04-02,Paid
837,137986.14,,,1435,Cable bank transfer,,15,CFR,440,18732,,40,33,2022-04-02,Paid
838,"
116 898,35",2280.23,,1435,Cable bank transfer,2022-09-23,90,CFR,4400,18668,,40,36,2022-04-02,Not Paid
839,119178.58,,,1843,D/A,2022-09-23,90,CIF,550,18452,,37,38,2022-10-05,Paid
840,137986.14,2280.23,,1634,L/C,2022-05-22,15,EXW,550,18452,,0,36,2022-10-05,Paid
841,"
116 898,35",,,1772,Cable bank transfer,2022-06-23,60,CFR,1200,19832,,37,0,2022-10-05,Not Paid
842,119178.58,,,1843,Cable bank transfer,2022-05-22,60,CFR,100,19423,,40,0,2022-03-01,Paid
843,137986.14,2280.23,,1435,Cable bank transfer,2022-12-25,90,EXW,440,18452,,37,40,2022-07-03,Paid
844,"
116 898,35",,,1772,D/A,2022-12-25,45,CFR,440,18452,,40,40,2022-10-05,Not Paid
845,"
116 898,35",,,1772,Cable bank transfer,2022-06-23,15,CFR,550,18732,,40,33,2022-04-02,Paid
846,137986.14,,,1743,L/C,2022-06-23,45,CFR,440,18668,,35,40,2022-03-01,Paid
847,,,,1435,CAD,2022-09-23,15,CIF,1200,18668,,40,38,2022-10-05,Not Paid
848,"
116 898,35",,,1743,Cable bank transfer,2022-09-23,0,CFR,100,18452,,37,0,2022-10-05,Paid
849,,,,1743,D/A,,0,EXW,1200,19423,,40,0,2022-07-03,Paid
850,119178.58,,,1743,CAD,2022-09-23,60,EXW,440,19832,,35,33,2022-04-02,Paid
851,137986.14,,,1743,Cable bank transfer,2022-05-22,0,CFR,4400,18668,,35,38,2022-07-03,Paid
852,137986.14,,,1743,D/A,2022-05-22,45,CFR,1200,18452,,0,33,2022-04-02,Paid
853,"
116 898,35",,,1843,Cable bank transfer,2022-12-25,45,CFR,550,19832,,0,40,2022-10-04,Paid
854,137986.14,2280.23,,1634,L/C,2022-09-23,90,CFR,4400,19832,,0,36,2022-10-04,Paid
855,,,,1743,Cable bank transfer,2022-09-23,90,CFR,1200,19423,,35,38,2022-03-01,Paid
856,"
116 898,35",,,1843,CAD,2022-09-23,45,EXW,440,19423,,40,40,2022-10-05,Paid
857,"
116 898,35",,,1843,L/C,,60,CFR,4400,19832,,40,33,2022-07-03,Paid
858,137986.14,,,1435,L/C,,0,EXW,100,19423,,37,33,2022-10-05,Paid
859,"
116 898,35",,,1634,L/C,2022-12-25,0,CFR,550,19423,,0,33,2022-10-05,Paid
860,137986.14,,,1743,Cable bank transfer,2022-12-25,60,CFR,4400,18452,,35,40,2022-10-04,Paid
861,137986.14,,,1743,L/C,,15,EXW,440,18452,,37,36,2022-04-02,Paid
862,119178.58,,,1743,Cable bank transfer,2022-06-23,0,CFR,4400,19423,,0,40,2022-10-05,Paid
863,119178.58,2280.23,,1772,Cable bank transfer,2022-06-23,0,CIF,440,19832,,35,40,2022-03-01,Paid
864,119178.58,2280.23,,1743,D/A,2022-06-23,45,CFR,1200,18668,,37,33,2022-04-02,Not Paid
865,"
116 898,35",,,1772,CAD,2022-12-25,90,EXW,100,18452,,37,0,2022-04-02,Paid
866,119178.58,,,1772,CAD,2022-09-23,0,EXW,550,19832,,0,33,2022-10-05,Paid
867,137986.14,,,1772,CAD,2022-09-23,60,CFR,100,19423,,40,33,2022-10-04,Not Paid
868,,2280.23,,1772,L/C,2022-09-23,15,CIF,100,18732,,40,40,2022-04-02,Paid
869,137986.14,,,1772,Cable bank transfer,2022-05-22,45,EXW,1200,18452,,37,40,2022-07-03,Paid
870,"
116 898,35",,,1843,L/C,,45,CFR,440,19832,,37,0,2022-03-01,Not Paid
871,137986.14,,,1843,Cable bank transfer,2022-05-22,45,CFR,4400,19832,,0,33,2022-04-02,Paid
872,"
116 898,35",,,1435,CAD,2022-05-22,0,CFR,550,18668,,40,36,2022-07-03,Paid
873,"
116 898,35",,,1743,Cable bank transfer,2022-12-25,0,EXW,550,19832,,35,33,2022-03-01,Not Paid
874,137986.14,,,1843,Cable bank transfer,,45,CFR,100,18452,,37,38,2022-04-02,Not Paid
875,137986.14,,,1634,CAD,,90,CFR,550,18668,,40,0,2022-07-03,Paid
876,137986.14,,,1743,Cable bank transfer,2022-05-22,15,CIF,550,19832,,40,36,2022-10-05,Paid
877,"
116 898,35",2280.23,,1634,CAD,2022-05-22,45,CFR,550,18668,,35,36,2022-03-01,Not Paid
878,137986.14,,,1843,D/A,2022-05-22,45,CFR,550,19423,,40,0,2022-10-04,Paid
879,137986.14,,,1435,Cable bank transfer,2022-06-23,0,CIF,100,18668,,37,38,2022-10-05,Paid
880,137986.14,2280.23,,1435,Cable bank transfer,2022-05-22,0,EXW,550,18452,,37,33,2022-03-01,Not Paid
881,119178.58,2280.23,,1743,L/C,2022-12-25,45,CFR,4400,18452,,37,40,2022-10-05,Not Paid
882,137986.14,,,1634,Cable bank transfer,,60,EXW,4400,18732,,37,40,2022-10-05,Not Paid
883,,2280.23,,1435,D/A,2022-06-23,15,CFR,100,19423,,37,36,2022-10-05,Paid
884,119178.58,2280.23,,1634,L/C,2022-09-23,15,CFR,100,18668,,0,36,2022-03-01,Paid
885,137986.14,,,1435,Cable bank transfer,2022-12-25,90,CIF,1200,18668,,35,0,2022-07-03,Paid
886,137986.14,,,1843,D/A,,45,EXW,100,18452,,37,38,2022-03-01,Paid
887,"
116 898,35",,,1743,D/A,2022-12-25,45,CIF,4400,19832,,40,0,2022-03-01,Paid
888,137986.14,,,1435,Cable bank transfer,,45,CFR,4400,19423,,35,40,2022-10-05,Paid
889,119178.58,,,1843,Cable bank transfer,,15,EXW,1200,18452,,35,0,2022-04-02,Paid
890,119178.58,,,1772,Cable bank transfer,,0,CIF,1200,19423,,35,0,2022-10-05,Paid
891,,2280.23,,1843,Cable bank transfer,2022-06-23,60,CFR,1200,18452,,37,33,2022-07-03,Not Paid
892,137986.14,,,1772,CAD,2022-06-23,60,CFR,4400,19423,,37,33,2022-10-04,Paid
893,"
116 898,35",,,1843,CAD,2022-09-23,45,CFR,100,18668,,37,0,2022-04-02,Paid
894,"
116 898,35",,,1634,L/C,2022-09-23,15,CFR,100,18732,,37,36,2022-10-04,Not Paid
895,137986.14,,,1743,Cable bank transfer,,15,CIF,4400,19423,,35,0,2022-07-03,Paid
896,137986.14,,,1772,D/A,2022-12-25,60,CIF,440,19423,,0,40,2022-07-03,Paid
897,137986.14,2280.23,,1772,L/C,2022-06-23,15,CFR,4400,19423,,0,36,2022-03-01,Paid
898,137986.14,,,1743,Cable bank transfer,2022-12-25,90,CFR,4400,18668,,37,33,2022-10-04,Paid
899,137986.14,2280.23,,1843,L/C,2022-09-23,90,CFR,550,18452,,35,40,2022-10-05,Paid
900,,,,1743,Cable bank transfer,2022-05-22,45,CFR,1200,18452,,35,40,2022-10-04,Paid
901,"
116 898,35",,,1634,L/C,2022-05-22,0,CFR,440,19832,,40,36,2022-03-01,Paid
902,119178.58,,,1772,CAD,2022-05-22,0,EXW,4400,18452,,40,40,2022-10-05,Paid
903,137986.14,,,1634,Cable bank transfer,2022-12-25,15,CIF,550,18452,,37,0,2022-04-02,Paid
904,,,,1435,Cable bank transfer,,60,CFR,4400,19832,,40,36,2022-03-01,Paid
905,137986.14,,,1743,D/A,2022-12-25,15,CFR,100,18452,,37,36,2022-10-05,Paid
906,137986.14,,,1743,L/C,2022-09-23,15,EXW,550,19423,,37,40,2022-10-05,Paid
907,137986.14,,,1634,D/A,2022-06-23,90,CFR,440,18732,,37,38,2022-07-03,Paid
908,137986.14,,,1435,L/C,2022-12-25,90,CFR,100,18732,,37,40,2022-03-01,Paid
909,,,,1843,D/A,2022-05-22,15,EXW,4400,18452,,37,33,2022-03-01,Paid
910,"
116 898,35",2280.23,,1843,D/A,2022-09-23,90,EXW,4400,18732,,35,0,2022-10-05,Paid
911,"
116 898,35",,,1743,Cable bank transfer,2022-09-23,90,CIF,1200,18668,,0,36,2022-10-04,Paid
912,137986.14,,,1634,D/A,2022-12-25,15,CFR,100,18732,,40,0,2022-03-01,Paid
913,119178.58,,,1843,L/C,2022-09-23,15,CFR,4400,19832,,37,38,2022-04-02,Paid
914,"
116 898,35",,,1743,L/C,,0,CIF,1200,18452,,0,40,2022-10-04,Not Paid
915,137986.14,,,1634,Cable bank transfer,2022-06-23,0,CFR,4400,19832,,37,0,2022-04-02,Not Paid
916,119178.58,,,1634,D/A,,15,CFR,4400,18732,,37,40,2022-10-04,Paid
917,"
116 898,35",2280.23,,1634,Cable bank transfer,2022-05-22,45,EXW,550,18732,,37,0,2022-10-05,Paid
918,,,,1634,D/A,2022-06-23,60,CIF,550,19423,,37,0,2022-03-01,Paid
919,137986.14,2280.23,,1435,Cable bank transfer,,60,CFR,100,18452,,35,36,2022-10-04,Paid
920,137986.14,2280.23,,1772,CAD,2022-05-22,60,CFR,440,18668,,40,38,2022-07-03,Paid
921,"
116 898,35",,,1743,D/A,2022-12-25,90,CFR,4400,18452,,35,40,2022-07-03,Paid
922,,,,1634,Cable bank transfer,2022-12-25,90,EXW,440,18732,,37,0,2022-10-04,Not Paid
923,137986.14,,,1634,Cable bank transfer,2022-05-22,45,CIF,1200,18732,,40,0,2022-07-03,Not Paid
924,119178.58,,,1435,CAD,,15,CFR,4400,18732,,35,36,2022-10-05,Paid
925,137986.14,,,1772,CAD,2022-12-25,45,CFR,550,19423,,0,40,2022-03-01,Paid
926,,,,1634,CAD,,90,CIF,550,18668,,35,33,2022-10-04,Not Paid
927,119178.58,,,1772,Cable bank transfer,,90,CFR,4400,18452,,35,36,2022-07-03,Paid
928,"
116 898,35",2280.23,,1634,CAD,2022-09-23,15,CFR,1200,18732,,37,40,2022-10-05,Not Paid
929,,2280.23,,1743,CAD,2022-12-25,0,EXW,4400,18732,,40,33,2022-10-05,Paid
930,137986.14,2280.23,,1843,D/A,2022-06-23,45,CIF,100,18732,,40,36,2022-03-01,Paid
931,"
116 898,35",,,1843,L/C,2022-09-23,0,CFR,440,19832,,35,36,2022-04-02,Paid
932,"
116 898,35",,,1634,Cable bank transfer,2022-06-23,90,CFR,1200,18452,,37,40,2022-10-05,Paid
933,,,,1843,CAD,,90,CFR,1200,19832,,37,0,2022-07-03,Paid
934,137986.14,,,1435,L/C,2022-05-22,90,CIF,550,18452,,37,0,2022-10-05,Not Paid
935,137986.14,2280.23,,1634,CAD,2022-12-25,90,CFR,1200,18732,,37,0,2022-04-02,Paid
936,,,,1743,Cable bank transfer,,45,CIF,100,19832,,40,40,2022-04-02,Paid
937,,,,1743,L/C,2022-05-22,15,CIF,550,18668,,35,40,2022-04-02,Paid
938,119178.58,2280.23,,1634,D/A,2022-09-23,45,CIF,440,18668,,37,38,2022-10-04,Paid
939,137986.14,,,1743,Cable bank transfer,2022-05-22,90,CFR,440,18732,,35,38,2022-10-04,Not Paid
940,137986.14,,,1435,CAD,2022-12-25,0,CFR,1200,18668,,35,36,2022-07-03,Paid
941,137986.14,,,1743,Cable bank transfer,2022-09-23,90,EXW,1200,19832,,35,0,2022-04-02,Paid
942,137986.14,,,1435,L/C,2022-12-25,15,CIF,4400,19423,,37,40,2022-04-02,Paid
943,,,,1743,D/A,,45,CFR,4400,18732,,40,36,2022-10-04,Not Paid
944,137986.14,,,1843,L/C,2022-09-23,0,CFR,550,19832,,40,0,2022-07-03,Not Paid
945,"
116 898,35",2280.23,,1634,D/A,2022-09-23,60,CIF,100,18668,,35,38,2022-10-04,Paid
946,119178.58,2280.23,,1634,CAD,2022-12-25,45,EXW,4400,18668,,40,33,2022-07-03,Paid
947,"
116 898,35",,,1843,CAD,2022-12-25,90,EXW,1200,18732,,37,40,2022-10-05,Paid
948,"
116 898,35",,,1435,Cable bank transfer,2022-12-25,15,CFR,4400,19423,,40,36,2022-10-05,Paid
949,,,,1634,D/A,2022-09-23,15,CFR,4400,18668,,35,38,2022-07-03,Paid
950,137986.14,2280.23,,1843,Cable bank transfer,2022-05-22,0,CFR,550,18452,,37,40,2022-07-03,Paid
951,137986.14,2280.23,,1435,Cable bank transfer,2022-05-22,60,CIF,4400,19832,,35,40,2022-04-02,Paid
952,137986.14,2280.23,,1634,CAD,2022-06-23,0,CFR,550,18732,,40,38,2022-10-05,Paid
953,,,,1435,D/A,2022-06-23,90,EXW,1200,19423,,37,36,2022-10-04,Paid
954,119178.58,,,1634,Cable bank transfer,2022-12-25,90,EXW,100,19423,,37,36,2022-10-05,Paid
955,137986.14,,,1772,D/A,2022-05-22,60,CFR,1200,18732,,37,36,2022-03-01,Paid
956,137986.14,,,1634,D/A,2022-06-23,90,CFR,1200,19423,,37,38,2022-10-05,Paid
957,,,,1743,D/A,2022-06-23,60,EXW,440,18732,,35,0,2022-07-03,Paid
958,119178.58,,,1743,L/C,2022-09-23,45,CFR,100,18668,,35,40,2022-10-04,Paid
959,119178.58,,,1772,Cable bank transfer,2022-09-23,15,CFR,4400,18732,,40,33,2022-07-03,Paid
960,137986.14,,,1435,L/C,2022-09-23,15,CFR,4400,18668,,37,36,2022-10-04,Paid
961,"
116 898,35",,,1743,D/A,2022-09-23,60,EXW,1200,18668,,0,33,2022-03-01,Paid
962,137986.14,,,1634,L/C,2022-05-22,60,CFR,1200,18668,,40,36,2022-03-01,Paid
963,137986.14,,,1772,Cable bank transfer,2022-12-25,15,EXW,440,18732,,37,0,2022-10-04,Paid
964,137986.14,2280.23,,1843,Cable bank transfer,2022-06-23,0,CFR,1200,18668,,37,40,2022-10-05,Paid
965,"
116 898,35",,,1634,D/A,2022-05-22,15,CFR,440,19423,,37,40,2022-07-03,Paid
966,119178.58,,,1435,Cable bank transfer,2022-06-23,0,CFR,100,18452,,40,33,2022-07-03,Paid
967,137986.14,,,1772,D/A,2022-05-22,45,CFR,100,18452,,37,0,2022-10-04,Paid
968,,,,1743,D/A,2022-09-23,60,CFR,550,18452,,35,40,2022-07-03,Paid
969,,,,1743,L/C,2022-06-23,60,CFR,1200,18668,,0,36,2022-07-03,Paid
970,137986.14,,,1634,L/C,2022-05-22,60,CFR,4400,18668,,37,36,2022-04-02,Paid
971,119178.58,,,1634,Cable bank transfer,2022-09-23,0,CIF,1200,18732,,37,33,2022-10-05,Paid
972,137986.14,,,1743,Cable bank transfer,2022-09-23,15,CIF,440,18732,,37,40,2022-03-01,Not Paid
973,"
116 898,35",,,1772,Cable bank transfer,2022-05-22,15,CFR,440,18732,,35,40,2022-10-04,Paid
974,,,,1634,L/C,,60,CIF,550,18452,,37,33,2022-04-02,Paid
975,119178.58,,,1772,CAD,2022-05-22,45,CIF,440,18452,,40,36,2022-03-01,Paid
976,,2280.23,,1772,D/A,2022-12-25,45,CFR,1200,18668,,37,0,2022-07-03,Paid
977,119178.58,,,1772,L/C,2022-09-23,60,CFR,440,18732,,40,40,2022-10-04,Not Paid
978,,,,1634,Cable bank transfer,2022-09-23,90,CIF,550,19423,,0,36,2022-04-02,Paid
979,119178.58,,,1634,CAD,2022-09-23,0,CFR,100,19832,,35,40,2022-10-04,Paid
980,119178.58,,,1435,Cable bank transfer,2022-09-23,45,CFR,1200,19832,,37,40,2022-04-02,Paid
981,137986.14,,,1772,CAD,2022-05-22,0,CFR,1200,18452,,40,0,2022-10-05,Paid
982,137986.14,2280.23,,1743,Cable bank transfer,2022-09-23,45,CIF,440,18452,,37,40,2022-03-01,Paid
983,137986.14,,,1743,D/A,2022-06-23,60,CIF,100,19423,,35,40,2022-10-05,Paid
984,"
116 898,35",,,1772,CAD,2022-05-22,15,CFR,100,18668,,37,36,2022-03-01,Paid
985,119178.58,,,1743,Cable bank transfer,,0,EXW,550,18668,,35,38,2022-07-03,Paid
986,119178.58,,,1772,Cable bank transfer,2022-12-25,15,CFR,1200,18668,,0,33,2022-07-03,Paid
987,137986.14,,,1435,Cable bank transfer,2022-12-25,45,CFR,4400,18452,,0,0,2022-10-05,Paid
988,,,,1772,Cable bank transfer,2022-12-25,0,CFR,4400,19832,,35,33,2022-04-02,Paid
989,"
116 898,35",,,1743,CAD,2022-12-25,45,CFR,1200,19832,,35,0,2022-10-04,Not Paid
990,119178.58,,,1772,Cable bank transfer,2022-09-23,60,EXW,550,18668,,37,38,2022-03-01,Paid
991,"
116 898,35",,,1435,D/A,,15,CFR,550,18452,,35,38,2022-10-04,Not Paid
992,"
116 898,35",2280.23,,1772,Cable bank transfer,,45,EXW,550,18732,,0,33,2022-10-05,Paid
993,119178.58,2280.23,,1634,CAD,2022-12-25,60,CFR,4400,18452,,40,36,2022-10-05,Not Paid
994,137986.14,,,1772,Cable bank transfer,,90,CIF,550,19832,,37,36,2022-10-05,Paid
995,119178.58,,,1435,D/A,2022-12-25,15,CFR,4400,19832,,0,0,2022-10-04,Paid
996,,2280.23,,1772,L/C,2022-05-22,45,CIF,1200,18668,,37,33,2022-10-04,Paid
997,137986.14,,,1435,Cable bank transfer,2022-06-23,60,EXW,4400,18452,,40,0,2022-07-03,Paid
998,137986.14,2280.23,,1743,CAD,2022-05-22,60,CFR,4400,18452,,35,36,2022-10-05,Not Paid
999,119178.58,,,1772,D/A,2022-05-22,60,CFR,1200,18668,,40,33,2022-10-05,Paid
